observed_on,season_start,latitude,longitude,phenophase,t_base,gdd_cumulative
2025-03-15,2025-03-16,37.2988216515,-8.0616898975,flowering,5,3.9724365234375227
2025-04-20,2025-03-16,47.5493806409,21.8383223334,flowering,5,167.23069915771543
2025-05-28,2025-03-16,43.8729198173,3.2076990232,flowering,5,415.4181152343766
2025-05-28,2025-03-16,43.8733333533,3.2104922086,flowering,5,415.4181152343766
2025-04-01,2025-03-16,38.6351372684,-7.0621116153,flowering,5,135.5687744140629
2025-04-29,2025-03-16,41.7394533333,13.9894583333,flowering,5,107.25717620849684
2025-03-03,2025-03-16,39.1422691059,8.2734641433,flowering,5,
2025-05-17,2025-03-16,42.1822551705,13.4816304222,flowering,5,159.62648925781355
2025-04-21,2025-03-16,44.0855560752,27.9056502879,flowering,5,177.51146087646555
2025-05-01,2025-03-16,48.03155023,16.03968541,flowering,5,185.93928222656336
2025-05-01,2025-03-16,48.0368999,16.0393143,flowering,5,185.93928222656336
2025-05-01,2025-03-16,48.0367035,16.0374672,flowering,5,185.93928222656336
2024-04-28,2024-03-06,48.196399297,16.1207904656,flowering,5,281.5085418701183
2024-04-28,2024-03-06,48.0809701696,16.1233843281,flowering,5,260.43339233398547
2025-04-20,2025-03-16,47.8581711167,11.3835070422,flowering,5,115.78579406738345
2025-05-06,2025-03-16,42.356154,13.759484,flowering,5,180.52322845459082
2025-05-11,2025-03-16,45.4826452983,36.8606018205,flowering,5,300.54534759521607
2025-05-11,2025-03-16,45.5010488046,36.8643003905,flowering,5,300.54534759521607
2025-03-28,2025-03-16,39.8094059847,-5.6595882262,flowering,5,72.86439971923858
2025-05-01,2025-03-16,48.1713366704,16.0290051936,flowering,5,237.91084289550872
2025-05-11,2025-03-16,45.427316253,36.9169154377,flowering,5,314.0691131591809
2025-05-31,2025-03-16,42.1298032137,13.5611327662,flowering,5,341.52817840576324
2025-06-11,2025-03-16,40.9389326,14.7131665997,flowering,5,774.9304550170918
2025-06-02,2025-03-16,47.4328253045,16.2815565616,flowering,5,475.91221160888836
2025-04-27,2025-03-16,50.148393,5.045238,flowering,5,195.68860626220794
2025-05-23,2025-03-16,42.7741309964,-0.9654390067,flowering,5,286.76092681884904
2025-05-09,2025-03-16,48.0451443575,16.0617712502,flowering,5,262.9226943969737
2025-06-07,2025-03-16,46.82096,14.594345,flowering,5,373.1899871826188
2025-06-02,2025-03-16,42.4265716667,13.527845,flowering,5,368.8232727050797
2025-06-01,2025-03-16,42.1785131315,13.5553555625,flowering,5,310.0034957885757
2024-04-14,2024-03-06,43.3058333333,13.078275,flowering,5,257.10980224609466
2025-04-20,2025-03-16,48.5271200079,22.4723031744,flowering,5,144.82072296142633
2025-06-01,2025-03-16,45.9567899076,10.2327246999,flowering,5,148.70691070556768
2025-05-28,2025-03-16,43.9024831897,3.17860879,flowering,5,415.4181152343766
2025-06-02,2025-03-16,42.4130443845,13.6152642874,flowering,5,282.2188095092788
2025-04-01,2025-03-16,38.6472803045,-7.0615355102,flowering,5,135.5687744140629
2025-05-28,2025-03-16,42.3766091,13.7402719997,flowering,5,232.06044616699353
2025-06-01,2025-03-16,42.4000783333,13.5619333333,flowering,5,272.0661743164077
2025-06-01,2025-03-16,42.40005,13.5616866667,flowering,5,272.0661743164077
2025-06-01,2025-03-16,42.414555,13.5592116667,flowering,5,272.0661743164077
2025-05-31,2025-03-16,52.281615874,-2.0313157947,flowering,5,462.7781005859392
2025-05-28,2025-03-16,45.7713579085,3.0418278544,flowering,5,363.70211029052894
2025-04-19,2025-03-16,40.9889858,16.1837037997,flowering,5,197.14625091552807
2025-05-22,2025-03-16,40.7665397434,-3.7758921637,flowering,5,270.06070251464973
2025-05-22,2025-03-16,40.7665397434,-3.7758921637,flowering,5,270.06070251464973
2025-05-26,2025-03-16,41.7960186721,13.8026987157,flowering,5,169.84883117675895
2025-05-21,2025-03-16,46.7654067,23.2815783,flowering,5,271.35899200439576
2025-05-25,2025-03-16,40.6328543888,-3.9071829309,flowering,5,472.9923690795914
2025-05-25,2025-03-16,42.376695,13.5529133333,flowering,5,218.38551483154424
2025-05-24,2025-03-16,42.3383033333,13.71208,flowering,5,269.36693725586076
2025-05-23,2025-03-16,40.7457587026,-3.6741431428,flowering,5,426.2340728759781
2025-05-25,2025-03-16,42.0030193494,14.0101522576,flowering,5,205.14677124023558
2025-05-23,2025-03-16,42.0795361667,13.1672216667,flowering,5,317.80008850097795
2025-05-09,2025-03-16,42.785876963,-0.9609520063,flowering,5,204.26593322754013
2025-05-09,2025-03-16,42.7935707263,-0.9613218158,flowering,5,204.26593322754013
2025-05-18,2025-03-16,43.3145407583,16.6037580933,flowering,5,565.8774246215835
2025-04-26,2025-03-16,37.9545721265,-5.6232155977,flowering,5,323.0698348999033
2025-05-22,2025-03-16,41.97088759,13.96128477,flowering,5,193.80036163330192
2025-05-19,2025-03-16,42.2586860657,9.0721969604,flowering,5,332.3821502685561
2025-05-19,2025-03-16,44.77953683,3.29503569,flowering,5,186.5283355712903
2025-05-10,2025-03-16,46.4451392666,23.6088319063,flowering,5,279.7592697143565
2025-05-03,2025-03-16,46.3074013163,24.4758392325,flowering,5,286.20192413330165
2025-05-04,2025-03-16,42.8843861191,-0.8980776742,flowering,5,128.57679138183664
2025-05-10,2025-03-16,47.2940021012,8.5684858137,flowering,5,253.20907135009884
2025-05-18,2025-03-16,40.9994919464,-3.5323113576,flowering,5,276.03180694580203
2025-05-18,2025-03-16,40.9966787836,-3.5271872487,flowering,5,276.03180694580203
2025-05-17,2025-03-16,43.5865504114,16.5213563143,flowering,5,448.732215881349
2025-05-17,2025-03-16,42.6519224401,18.072646223,flowering,5,
2025-05-16,2025-03-16,40.974247721,-3.5733801685,flowering,5,235.07754516601676
2025-05-16,2025-03-16,40.9681025287,-3.5713938251,flowering,5,235.07754516601676
2025-05-12,2025-03-16,48.2892706908,10.8832742442,flowering,5,294.0623275756848
2025-05-16,2025-03-16,40.977321784,-3.578678621,flowering,5,235.07754516601676
2025-05-16,2025-03-16,48.0676751863,16.1800224279,flowering,5,319.6222991943372
2025-05-16,2025-03-16,48.0997500543,16.1325614076,flowering,5,307.2042388916028
2025-04-30,2025-03-16,41.6151777536,14.052932251,flowering,5,235.48322753906348
2025-05-15,2025-03-16,51.3196849722,-2.9805139722,flowering,5,
2025-05-15,2025-03-16,51.316557,-2.983035,flowering,5,
2025-05-15,2025-03-16,41.924705588,14.1012525558,flowering,5,183.17695617675884
2025-04-30,2025-03-16,41.6287271821,14.0883856773,flowering,5,235.48322753906348
2025-05-15,2025-03-16,48.1718755,16.530411,flowering,5,389.36347808838013
2025-05-15,2025-03-16,48.0428138333,16.0481305,flowering,5,256.7388031005871
2025-04-30,2025-03-16,41.7023395361,14.0287627703,flowering,5,113.03504791259843
2025-04-30,2025-03-16,41.7176525334,14.1536296196,flowering,5,220.78190155029392
2025-05-03,2025-03-16,42.8104910324,-0.970662105,flowering,5,183.39653167724703
2025-05-08,2025-03-16,42.3497336605,13.555251901,flowering,5,157.6897903442392
2025-05-14,2025-03-16,41.051266389,-3.5358733311,flowering,5,171.43227386474712
2025-05-14,2025-03-16,44.01817478,3.063976,flowering,5,282.84462280273567
2025-05-06,2025-03-16,42.9488366667,-5.2444783333,flowering,5,139.65272064209069
2025-05-11,2025-03-16,48.0622129957,16.1116061961,flowering,5,279.60800933838004
2025-05-13,2025-03-16,44.5766515743,16.0092204028,flowering,5,245.21748352050895
2025-05-13,2025-03-16,44.5767260864,16.0100089723,flowering,5,245.21748352050895
2025-05-11,2025-03-16,48.0985472222,16.9516166667,flowering,5,369.3664474487316
2025-05-13,2025-03-16,42.4640155549,-6.5220839158,flowering,5,190.23111877441522
2025-05-04,2025-03-16,47.94078,16.5860216667,flowering,5,320.3391174316416
2025-05-12,2025-03-16,40.9177793423,-3.5505055357,flowering,5,259.1470504760754
2025-05-11,2025-03-16,45.9029865405,11.0581029641,flowering,5,211.8638610839855
2025-05-11,2025-03-16,45.9030171965,11.0582019389,flowering,5,211.8638610839855
2025-05-12,2025-03-16,44.5801684997,15.9586238997,flowering,5,240.7631286621105
2025-05-09,2025-03-16,47.76392,16.785325,flowering,5,380.45401611328236
2025-05-10,2025-03-16,48.1582916667,16.5637,flowering,5,355.8266815185558
2025-05-10,2025-03-16,48.1584277778,16.5632916667,flowering,5,355.8266815185558
2025-05-10,2025-03-16,48.1567583333,16.5646027778,flowering,5,355.8266815185558
2025-05-10,2025-03-16,48.1571916667,16.56495,flowering,5,355.8266815185558
2025-05-10,2025-03-16,48.1597944444,16.5418833333,flowering,5,351.97762145996205
2025-05-11,2025-03-16,48.059278233,16.181439925,flowering,5,289.74140930175895
2025-05-10,2025-03-16,48.1610027778,16.5427166667,flowering,5,351.97762145996205
2025-05-11,2025-03-16,48.5840033333,19.7628366667,flowering,5,189.3592514038096
2025-05-11,2025-03-16,48.584195,19.763625,flowering,5,189.3592514038096
2025-05-10,2025-03-16,42.8202166667,9.4023616667,flowering,5,507.91654357910284
2025-05-11,2025-03-16,36.9539361111,-4.5423027778,flowering,5,422.45325775146614
2025-05-10,2025-03-16,45.1743861111,28.2920472222,flowering,5,366.54973602295036
2025-05-11,2025-03-16,55.0289142987,25.5211071049,flowering,5,174.3703674316414
2025-05-01,2025-03-16,42.726537612,-0.9619629708,flowering,5,210.42325439453225
2025-04-27,2025-03-16,43.4383692803,5.6321174498,flowering,5,279.6990615844736
2025-05-11,2025-03-16,49.1095959116,16.2386064325,flowering,5,287.73331298828236
2025-05-10,2025-03-16,40.6291600016,-3.9017734065,flowering,5,330.24136199951295
2025-05-10,2025-03-16,42.2449083672,13.7533413738,flowering,5,320.2156784057629
2025-05-10,2025-03-16,41.9332166667,2.3250333333,flowering,5,308.96187438964967
2025-05-10,2025-03-16,47.7682623959,16.4643950441,flowering,5,326.0982192993175
2025-05-08,2025-03-16,44.65857,1.82051,flowering,5,365.4613601684582
2025-05-10,2025-03-16,47.7682009227,16.7683429644,flowering,5,387.231040954591
2025-05-10,2025-03-16,47.7757182704,16.7661398649,flowering,5,387.231040954591
2025-05-10,2025-03-16,39.5322333333,-8.63992,flowering,5,519.1585937500013
2025-05-10,2025-03-16,39.5408033333,-8.6207033333,flowering,5,519.1585937500013
2025-05-09,2025-03-16,45.6108759319,0.1193219681,flowering,5,437.5177673339856
2025-05-09,2025-03-16,45.6750666493,0.1683140019,flowering,5,431.7936920166028
2025-05-09,2025-03-16,45.7050974559,0.0576743571,flowering,5,436.604040527345
2025-05-09,2025-03-16,45.7657230854,0.196346086,flowering,5,433.6917175292981
2025-05-09,2025-03-16,45.6240041827,0.1095345306,flowering,5,437.5177673339856
2025-05-09,2025-03-16,45.7649969191,0.0593850311,flowering,5,434.08848419189576
2025-05-09,2025-03-16,45.7479159447,0.1562468982,flowering,5,431.7936920166028
2025-05-09,2025-03-16,45.7611974192,0.1017993688,flowering,5,434.08848419189576
2025-05-09,2025-03-16,45.7216260393,0.197970981,flowering,5,431.7936920166028
2025-05-10,2025-03-16,41.0678416667,-3.5026833333,flowering,5,160.71468505859468
2025-05-09,2025-03-16,48.3102272943,10.0452191251,flowering,5,245.81801300048937
2025-05-09,2025-03-16,48.2080690645,10.0917408179,flowering,5,238.61082153320422
2025-05-05,2025-03-16,41.99732,14.2491947997,flowering,5,167.10945129394622
2025-05-04,2025-03-16,46.3851160288,13.1158173505,flowering,5,202.79459838867285
2025-05-06,2025-03-16,41.05674578,-3.5275932601,flowering,5,149.48613281250084
2025-05-06,2025-03-16,41.0572438,-3.5264986,flowering,5,149.48613281250084
2025-05-06,2025-03-16,41.05547731,-3.52854431,flowering,5,149.48613281250084
2025-05-06,2025-03-16,41.05780075,-3.527095,flowering,5,149.48613281250084
2025-05-07,2025-03-16,50.1054338749,7.84559249,flowering,5,251.6201156616222
2025-05-06,2025-03-16,42.1125271,-5.8975588,flowering,5,277.9170135498058
2025-05-06,2025-03-16,42.5371961203,13.3699532971,flowering,5,164.51424255371182
2025-05-06,2025-03-16,42.5309789387,13.3675433323,flowering,5,164.51424255371182
2025-05-07,2025-03-16,41.0306305625,-3.5512854718,flowering,5,193.94053802490328
2025-05-07,2025-03-16,41.015549046,-3.5636503715,flowering,5,193.94053802490328
2025-05-06,2025-03-16,44.24761,1.923209,flowering,5,381.26584014892694
2025-05-06,2025-03-16,48.4214684396,15.5478500202,flowering,5,232.84384613037207
2025-05-06,2025-03-16,48.42140285,15.54891754,flowering,5,232.84384613037207
2025-05-06,2025-03-16,48.42148,15.5490516667,flowering,5,232.84384613037207
2025-05-06,2025-03-16,48.4231366667,15.5503366667,flowering,5,261.4099578857432
2025-04-25,2025-03-16,47.7678694444,16.8413722222,flowering,5,247.62234497070392
2025-05-05,2025-03-16,47.7638983685,16.7854440585,flowering,5,356.20701599121196
2025-05-05,2025-03-16,42.4267297864,13.5382686183,flowering,5,180.60736389160252
2025-05-05,2025-03-16,40.9582777647,-3.5780735314,flowering,5,188.41659393310636
2025-05-05,2025-03-16,40.9405677672,-3.5502615385,flowering,5,226.48746337890725
2025-05-05,2025-03-16,40.9377542557,-3.5451311432,flowering,5,236.76365661621196
2025-05-05,2025-03-16,40.9125330672,-3.5350365657,flowering,5,236.76365661621196
2025-05-05,2025-03-16,41.99863673,14.24983128,flowering,5,167.10945129394622
2025-05-05,2025-03-16,41.99861771,14.2497745,flowering,5,167.10945129394622
2025-05-05,2025-03-16,41.99730042,14.24917344,flowering,5,167.10945129394622
2025-04-27,2025-03-16,43.9960753117,28.07738626,flowering,5,228.27920074462975
2025-05-05,2025-03-16,48.1943324315,16.4785262422,flowering,5,324.7345642089854
2025-05-04,2025-03-16,41.897187,14.3992419722,flowering,5,222.6370376586924
2025-05-03,2025-03-16,47.4110633333,15.0686138333,flowering,5,152.96134033203202
2025-04-26,2025-03-16,42.6726084952,-0.9397288633,flowering,5,158.49917907714928
2025-05-04,2025-03-16,42.10920339,14.20353074,flowering,5,173.75818786621187
2025-05-04,2025-03-16,49.5105998058,17.1902054994,flowering,5,276.29828338623145
2025-05-03,2025-03-16,43.8549439434,2.830644043,flowering,5,268.0605438232433
2025-05-01,2025-03-16,48.1483778333,16.1490361667,flowering,5,220.44589996337982
2025-05-01,2025-03-16,48.1478278333,16.1498055,flowering,5,220.44589996337982
2025-05-03,2025-03-16,48.7925642583,15.8976569433,flowering,5,257.6703674316416
2025-05-03,2025-03-16,47.7554753563,16.8691532035,flowering,5,341.8015411376963
2025-05-03,2025-03-16,43.8492321505,3.1988198657,flowering,5,266.7987564086925
2025-05-01,2025-03-16,41.9811802964,12.8591017439,flowering,5,266.9377548217784
2025-05-01,2025-03-16,48.0273360899,16.04945779,flowering,5,212.282843017579
2025-05-01,2025-03-16,48.03145801,16.04005814,flowering,5,185.93928222656336
2025-05-01,2025-03-16,48.03520795,16.03988178,flowering,5,185.93928222656336
2025-05-01,2025-03-16,48.03685346,16.03937329,flowering,5,185.93928222656336
2025-05-03,2025-03-16,37.3099418083,-8.6072798388,flowering,5,462.18873443603627
2025-05-03,2025-03-16,48.29658156,15.26813099,flowering,5,221.32866668701263
2025-05-03,2025-03-16,48.0987664592,16.9515358284,flowering,5,317.7902404785166
2025-05-03,2025-03-16,48.097689647,16.9540705159,flowering,5,317.7902404785166
2025-05-03,2025-03-16,48.0976155299,16.9544818997,flowering,5,317.7902404785166
2025-05-02,2025-03-16,48.6473128328,13.1466673837,flowering,5,247.11250610351658
2025-05-02,2025-03-16,47.77317,16.846005,flowering,5,321.8065826416025
2025-04-26,2025-03-16,44.5495787367,15.2314303267,flowering,5,183.8076644897469
2025-05-02,2025-03-16,41.91170764,13.86376427,flowering,5,99.47702789306709
2025-05-02,2025-03-16,41.8212065974,14.0787856172,flowering,5,134.46756134033285
2025-05-01,2025-03-16,42.4067535278,-5.157917,flowering,5,222.12829284668067
2025-05-01,2025-03-16,46.9075666667,3.0445638333,flowering,5,316.35974273681745
2025-05-01,2025-03-16,46.9076,3.0452138333,flowering,5,316.35974273681745
2025-05-01,2025-03-16,47.2858952402,15.3858997578,flowering,5,127.46474914550856
2025-05-01,2025-03-16,43.9894351405,3.0867725074,flowering,5,198.74881591796975
2025-05-01,2025-03-16,42.0168558,13.7849619,flowering,5,161.85865631103604
2025-05-01,2025-03-16,48.2259079178,9.0637731743,flowering,5,141.09826202392662
2025-05-01,2025-03-16,45.6482135997,15.4828585,flowering,5,231.9102020263681
2025-05-01,2025-03-16,51.4173788336,11.9970650821,flowering,5,229.92102203369234
2025-04-25,2025-03-16,44.2018087011,10.8968969062,flowering,5,158.47121124267665
2025-04-25,2025-03-16,44.2018197574,10.896900259,flowering,5,158.47121124267665
2025-04-30,2025-03-16,48.28754661,16.26206657,flowering,5,255.31437530517667
2025-04-30,2025-03-16,48.28785436,16.26239618,flowering,5,255.31437530517667
2025-04-30,2025-03-16,48.28798885,16.26268331,flowering,5,255.31437530517667
2025-04-30,2025-03-16,47.9326323175,9.2317105998,flowering,5,165.8605026245126
2025-04-30,2025-03-16,45.7720133333,2.98637,flowering,5,182.3310195922861
2025-04-23,2025-03-16,45.1741628343,14.5752630296,flowering,5,236.1024810791024
2025-04-23,2025-03-16,45.1725779123,14.5729970943,flowering,5,236.1024810791024
2025-04-28,2025-03-16,48.421431147,15.5476622445,flowering,5,167.14615631103595
2025-04-28,2025-03-16,48.421491,15.5474669722,flowering,5,167.14615631103595
2025-04-28,2025-03-16,48.421491,15.5474669722,flowering,5,167.14615631103595
2025-04-28,2025-03-16,48.421491,15.5474669722,flowering,5,167.14615631103595
2025-04-28,2025-03-16,48.421824,15.5482709722,flowering,5,167.14615631103595
2025-04-28,2025-03-16,48.4216508038,15.5488137918,flowering,5,167.14615631103595
2025-04-28,2025-03-16,48.4216471963,15.5487623078,flowering,5,167.14615631103595
2025-04-28,2025-03-16,48.4214399722,15.548813,flowering,5,167.14615631103595
2025-04-28,2025-03-16,48.4214449722,15.548704,flowering,5,167.14615631103595
2025-04-28,2025-03-16,48.4214449722,15.548704,flowering,5,167.14615631103595
2025-04-28,2025-03-16,48.4214449722,15.548704,flowering,5,167.14615631103595
2025-04-28,2025-03-16,48.4214569722,15.548536,flowering,5,167.14615631103595
2025-04-28,2025-03-16,49.1978299545,-2.2210098253,flowering,5,258.80602111816506
2025-04-26,2025-03-16,47.7106324,16.7766913,flowering,5,255.39243469238363
2025-04-23,2025-03-16,46.5751027677,13.7633020263,flowering,5,93.77104339599668
2025-04-27,2025-03-16,46.2511001069,13.1583793418,flowering,5,163.15010223388754
2025-04-28,2025-03-16,43.7524133333,7.1019083333,flowering,5,198.56659545898538
2025-04-27,2025-03-16,48.1915866667,16.4804716667,flowering,5,240.81350860595785
2025-04-28,2025-03-16,48.0428111667,16.0480695,flowering,5,160.50798034668048
2025-04-28,2025-03-16,42.6819528102,9.3906953931,flowering,5,351.26316680908303
2025-04-28,2025-03-16,42.6815199997,9.39062,flowering,5,351.26316680908303
2025-04-28,2025-03-16,42.6815340547,9.3905837461,flowering,5,351.26316680908303
2025-04-28,2025-03-16,41.91082,13.168495,flowering,5,123.82621002197345
2025-04-28,2025-03-16,41.9884833333,13.0730666667,flowering,5,147.31518096923912
2025-04-28,2025-03-16,37.623805,15.0125083333,flowering,5,319.15762939453225
2025-04-28,2025-03-16,41.9106416667,13.1691466667,flowering,5,123.82621002197345
2025-04-28,2025-03-16,48.0782,16.1739,flowering,5,199.50829620361412
2025-04-26,2025-03-16,48.1894444444,16.2016666667,flowering,5,198.53494262695392
2025-04-28,2025-03-16,48.0782,16.17379,flowering,5,199.50829620361412
2025-04-28,2025-03-16,48.07818,16.1738,flowering,5,199.50829620361412
2025-04-28,2025-03-16,48.07813,16.17383,flowering,5,199.50829620361412
2025-04-27,2025-03-16,48.4166888889,15.5830638889,flowering,5,182.74453125000082
2025-04-28,2025-03-16,48.0782666667,16.1744111111,flowering,5,199.50829620361412
2025-04-28,2025-03-16,48.0781833333,16.1738361111,flowering,5,199.50829620361412
2025-04-28,2025-03-16,48.0782055556,16.1731694444,flowering,5,199.50829620361412
2025-04-28,2025-03-16,48.0781361111,16.1732527778,flowering,5,199.50829620361412
2025-04-28,2025-03-16,48.0781666667,16.1733,flowering,5,199.50829620361412
2025-04-28,2025-03-16,42.0428805,13.274745,flowering,5,129.46835327148517
2025-04-27,2025-03-16,48.4157314569,15.5827771017,flowering,5,182.74453125000082
2025-04-25,2025-03-16,47.7465113833,16.8101791667,flowering,5,247.44792175293048
2025-04-25,2025-03-16,48.2965207609,15.268085578,flowering,5,151.7232849121101
2025-04-25,2025-03-16,48.2965911941,15.2680479805,flowering,5,151.7232849121101
2025-04-25,2025-03-16,48.3150849574,15.2828952172,flowering,5,151.7232849121101
2025-04-26,2025-03-16,50.0014856279,7.7666381738,flowering,5,167.75096588134852
2025-04-27,2025-03-16,43.012975,23.8135888889,flowering,5,217.34896087646564
2025-04-25,2025-03-16,46.0331007068,11.9735981363,flowering,5,144.06975708007894
2025-04-27,2025-03-16,48.1327967869,15.818712227,flowering,5,174.8587814331063
2025-04-27,2025-03-16,48.1326666667,15.8186166667,flowering,5,174.8587814331063
2025-04-27,2025-03-16,48.1344066667,15.8194566667,flowering,5,174.8587814331063
2025-04-27,2025-03-16,48.13443803,15.81956935,flowering,5,174.8587814331063
2025-04-27,2025-03-16,48.13581418,15.82600751,flowering,5,174.8587814331063
2025-04-27,2025-03-16,48.1918611111,16.4829916667,flowering,5,240.81350860595785
2025-04-27,2025-03-16,48.136695,15.8242216667,flowering,5,174.8587814331063
2025-04-27,2025-03-16,44.44587946,3.32334124,flowering,5,127.2831619262704
2025-04-19,2025-03-16,41.7977166667,13.8066083333,flowering,5,35.35483398437532
2025-04-27,2025-03-16,48.1371337,15.82388306,flowering,5,174.8587814331063
2025-04-27,2025-03-16,48.13698,15.823885,flowering,5,174.8587814331063
2025-04-27,2025-03-16,48.13666703,15.82050301,flowering,5,174.8587814331063
2025-04-27,2025-03-16,48.1374466667,15.8186616667,flowering,5,174.8587814331063
2025-04-27,2025-03-16,48.13757579,15.81851134,flowering,5,174.8587814331063
2025-04-27,2025-03-16,48.4160227214,15.5775842286,flowering,5,182.74453125000082
2025-04-27,2025-03-16,46.1469405877,13.0707808708,flowering,5,252.2337112426767
2025-04-27,2025-03-16,47.7526436,16.1378959,flowering,5,183.24145660400472
2025-04-27,2025-03-16,48.1928522997,16.4843775,flowering,5,240.81350860595785
2025-04-26,2025-03-16,43.4919323924,11.2959252007,flowering,5,231.90325927734466
2025-04-26,2025-03-16,51.3391833402,0.5636035278,flowering,5,194.57050476074312
2025-04-26,2025-03-16,47.7453782878,16.7758121824,flowering,5,255.39243469238363
2025-04-26,2025-03-16,41.016889899,-3.537871493,flowering,5,151.39230804443434
2025-04-26,2025-03-16,47.8241399722,16.05853,flowering,5,177.76836395263751
2025-04-26,2025-03-16,47.82408,16.0587319722,flowering,5,177.76836395263751
2025-04-26,2025-03-16,47.824049,16.058633,flowering,5,177.76836395263751
2025-04-26,2025-03-16,47.824049,16.058633,flowering,5,177.76836395263751
2025-04-26,2025-03-16,47.824049,16.058633,flowering,5,177.76836395263751
2025-04-26,2025-03-16,47.8256599722,16.062628,flowering,5,177.76836395263751
2025-04-26,2025-03-16,47.824151,16.0663899722,flowering,5,177.76836395263751
2025-04-26,2025-03-16,47.824128,16.0665869722,flowering,5,177.76836395263751
2025-04-26,2025-03-16,47.823883,16.067063,flowering,5,177.76836395263751
2025-04-26,2025-03-16,47.823866,16.067087,flowering,5,177.76836395263751
2025-04-26,2025-03-16,47.823953,16.0671649722,flowering,5,177.76836395263751
2025-04-26,2025-03-16,47.823953,16.0671649722,flowering,5,177.76836395263751
2025-04-26,2025-03-16,47.824061,16.067233,flowering,5,177.76836395263751
2025-04-26,2025-03-16,47.8242869722,16.0672859722,flowering,5,177.76836395263751
2025-04-26,2025-03-16,47.8242869722,16.0672859722,flowering,5,177.76836395263751
2025-04-26,2025-03-16,47.8242869722,16.0672859722,flowering,5,177.76836395263751
2025-04-26,2025-03-16,47.8246549722,16.0671199722,flowering,5,177.76836395263751
2025-04-26,2025-03-16,47.8245549722,16.0670439722,flowering,5,177.76836395263751
2025-04-26,2025-03-16,47.8245549722,16.0670439722,flowering,5,177.76836395263751
2025-04-26,2025-03-16,47.824424,16.067388,flowering,5,177.76836395263751
2025-04-26,2025-03-16,47.8243819722,16.0675249722,flowering,5,177.76836395263751
2025-04-26,2025-03-16,47.8243819722,16.0675249722,flowering,5,177.76836395263751
2025-04-26,2025-03-16,47.824105,16.0675209722,flowering,5,177.76836395263751
2025-04-26,2025-03-16,47.824105,16.0675209722,flowering,5,177.76836395263751
2025-04-26,2025-03-16,41.0221857531,-3.5427152272,flowering,5,151.39230804443434
2025-04-26,2025-03-16,47.823787,16.0673659722,flowering,5,177.76836395263751
2025-04-26,2025-03-16,47.823787,16.0673659722,flowering,5,177.76836395263751
2025-04-26,2025-03-16,47.8237659722,16.06736,flowering,5,177.76836395263751
2025-04-26,2025-03-16,47.823639,16.067278,flowering,5,177.76836395263751
2025-04-26,2025-03-16,47.8236459722,16.0671469722,flowering,5,177.76836395263751
2025-04-26,2025-03-16,47.82359,16.06727,flowering,5,177.76836395263751
2025-04-26,2025-03-16,47.8235809722,16.0672159722,flowering,5,177.76836395263751
2025-04-26,2025-03-16,47.8236119722,16.067242,flowering,5,177.76836395263751
2025-04-26,2025-03-16,47.823745,16.0672899722,flowering,5,177.76836395263751
2025-04-26,2025-03-16,47.8237669722,16.0672719722,flowering,5,177.76836395263751
2025-04-26,2025-03-16,47.823841,16.0674419722,flowering,5,177.76836395263751
2025-04-26,2025-03-16,47.8237889722,16.067447,flowering,5,177.76836395263751
2025-04-26,2025-03-16,47.8237889722,16.067447,flowering,5,177.76836395263751
2025-04-26,2025-03-16,47.8238959722,16.0673929722,flowering,5,177.76836395263751
2025-04-26,2025-03-16,47.8239489722,16.0673999722,flowering,5,177.76836395263751
2025-04-26,2025-03-16,47.8241459722,16.067354,flowering,5,177.76836395263751
2025-04-26,2025-03-16,47.823706,16.0668539722,flowering,5,177.76836395263751
2025-04-26,2025-03-16,47.8237489722,16.0669749722,flowering,5,177.76836395263751
2025-04-26,2025-03-16,47.823909,16.0669509722,flowering,5,177.76836395263751
2025-04-26,2025-03-16,47.8235939722,16.0670579722,flowering,5,177.76836395263751
2025-04-26,2025-03-16,41.0452157397,-3.5510298237,budding,5,139.30932617187568
2025-04-26,2025-03-16,48.2014333333,16.4053138889,flowering,5,225.83661651611408
2025-04-26,2025-03-16,46.7964530399,-2.0808730042,flowering,5,
2025-04-26,2025-03-16,41.0500956466,-3.5446059331,flowering,5,108.90948028564515
2025-04-26,2025-03-16,48.3405450393,10.9407693957,flowering,5,173.4838577270516
2025-04-25,2025-03-16,42.1036111667,14.19468,flowering,5,113.6887619018562
2025-04-25,2025-03-16,42.1040611667,14.195445,flowering,5,113.6887619018562
2025-04-25,2025-03-16,49.1922562997,-2.2258879,flowering,5,236.20518646240328
2025-04-25,2025-03-16,41.0029949248,-3.5658730846,flowering,5,134.17803039550847
2025-04-25,2025-03-16,42.6821699722,9.3908909722,flowering,5,322.00283203125093
2025-04-25,2025-03-16,42.6796615742,9.3894776702,flowering,5,322.00283203125093
2025-04-24,2025-03-16,42.8289031944,12.7852449167,flowering,5,184.60658721923915
2025-04-25,2025-03-16,47.7177738861,16.4546499029,flowering,5,197.17156829834062
2025-04-05,2025-03-16,44.9568799722,14.7479359722,flowering,5,117.22382965087934
2025-04-25,2025-03-16,47.6036343778,16.3994815573,flowering,5,179.54963531494218
2025-04-24,2025-03-16,36.4052543639,6.6719322203,flowering,5,304.63143157959075
2025-04-24,2025-03-16,39.4395133167,19.9033033333,flowering,5,
2025-04-24,2025-03-16,47.8796491667,16.8481752778,flowering,5,235.96391143798905
2025-04-11,2025-03-16,46.3992890281,13.0736659917,flowering,5,56.25560760498092
2025-04-18,2025-03-16,42.6870384167,-0.5201399722,flowering,5,52.969210815430074
2025-04-24,2025-03-16,43.411985,13.004115,flowering,5,206.51198272705165
2025-04-24,2025-03-16,48.428185,0.099775,flowering,5,220.42820587158292
2025-04-23,2025-03-16,45.9032768,16.0842959,flowering,5,211.50377502441484
2025-04-23,2025-03-16,46.8378067557,16.023676004,flowering,5,213.07863311767653
2025-04-23,2025-03-16,45.908912,16.0733151997,flowering,5,211.50377502441484
2025-04-23,2025-03-16,46.9793432747,16.1168629156,flowering,5,204.6644180297859
2025-04-23,2025-03-16,45.9091263997,16.0731472,flowering,5,211.50377502441484
2025-04-24,2025-03-16,47.0936465263,14.2984440364,flowering,5,28.24719238281284
2025-04-23,2025-03-16,45.1393676901,14.5946354538,flowering,5,262.9633682250985
2025-04-21,2025-03-16,43.4219871698,11.3628309721,flowering,5,199.5491943359383
2025-04-24,2025-03-16,40.9489851259,-3.5104090255,flowering,5,157.05908050537187
2025-04-23,2025-03-16,46.9112188769,16.1932231563,flowering,5,211.84895782470778
2025-04-23,2025-03-16,46.9562002704,16.1983904294,flowering,5,215.9753311157234
2025-04-23,2025-03-16,46.8776665011,16.0084767339,flowering,5,200.76904754638747
2025-04-23,2025-03-16,46.8504543944,16.0854458801,flowering,5,209.5359466552742
2025-04-23,2025-03-16,46.8955221007,16.1506918108,flowering,5,204.30375366211013
2025-04-19,2025-03-16,42.09847934,13.42768251,flowering,5,69.19011535644586
2025-04-23,2025-03-16,43.525993,2.128451,flowering,5,227.58520202636805
2025-04-15,2025-03-16,45.73744363,5.30618191,flowering,5,192.33187103271553
2025-04-15,2025-03-16,45.7395926901,5.3136491801,flowering,5,192.33187103271553
2025-04-15,2025-03-16,45.73869414,5.31353116,flowering,5,192.33187103271553
2025-04-15,2025-03-16,45.7376533,5.3139174,flowering,5,192.33187103271553
2025-04-15,2025-03-16,45.73650385,5.30707777,flowering,5,192.33187103271553
2025-04-21,2025-03-16,45.2290543346,5.6876091529,flowering,5,146.45253601074296
2025-04-23,2025-03-16,43.5203686997,16.638967,flowering,5,245.16604919433678
2025-04-23,2025-03-16,50.5919858,-1.9639599,flowering,5,
2025-04-23,2025-03-16,52.1996352403,-2.3883609112,flowering,5,147.58795623779383
2025-04-21,2025-03-16,42.7359234504,-5.5380648255,flowering,5,120.90444030761785
2025-04-21,2025-03-16,42.7065666431,-5.4846407007,flowering,5,120.90444030761785
2025-04-21,2025-03-16,42.65683137,-5.5743963284,flowering,5,122.19289245605535
2025-04-22,2025-03-16,42.0813127219,13.3167042875,flowering,5,101.80638732910222
2025-04-20,2025-03-16,47.43932,-0.470455,flowering,5,229.32129669189533
2025-04-20,2025-03-16,47.4391883333,-0.4785583333,flowering,5,229.32129669189533
2025-04-22,2025-03-16,48.19298,16.4845866667,flowering,5,200.06817016601633
2025-04-22,2025-03-16,47.8473177259,16.7012703046,flowering,5,209.26656646728588
2025-04-22,2025-03-16,47.8457188037,16.7013219371,flowering,5,209.26656646728588
2025-04-22,2025-03-16,47.8474444045,16.6909904033,flowering,5,209.26656646728588
2025-04-22,2025-03-16,48.1642378346,16.0673986003,flowering,5,168.09845123291086
2025-04-22,2025-03-16,48.073836,16.1223339722,flowering,5,153.4554458618171
2025-04-18,2025-03-16,47.1794418306,16.2045909092,flowering,5,136.77962799072327
2025-04-22,2025-03-16,42.8223478577,-2.9441436162,flowering,5,174.25986633300863
2025-04-21,2025-03-16,40.6534735281,-3.3258287572,flowering,5,162.09803009033283
2025-04-22,2025-03-16,41.1491277778,-1.2022166667,flowering,5,144.9816253662117
2025-04-19,2025-03-16,42.0763471667,13.2798616667,flowering,5,80.74492797851622
2025-04-19,2025-03-16,42.0937166667,13.1930333333,flowering,5,95.91666717529358
2025-04-19,2025-03-16,48.0765316667,16.9504766667,flowering,5,170.8339447021491
2025-04-19,2025-03-16,48.07655,16.9504933333,flowering,5,170.8339447021491
2025-04-21,2025-03-16,47.756044445,16.7587888883,flowering,5,206.53196105957102
2025-04-21,2025-03-16,47.76395,16.785505555,flowering,5,206.53196105957102
2025-04-21,2025-03-16,47.76865,16.865100555,flowering,5,209.69028625488352
2025-04-21,2025-03-16,47.7659222217,16.8509577783,flowering,5,209.69028625488352
2025-04-21,2025-03-16,47.7620386117,16.8548541667,flowering,5,209.69028625488352
2025-04-21,2025-03-16,48.2874794511,16.2621486808,flowering,5,177.6138000488288
2025-04-21,2025-03-16,41.3499990257,13.7999999151,flowering,5,214.8231613159188
2025-04-21,2025-03-16,46.1402555,6.1923416667,flowering,5,122.8191268920906
2025-04-20,2025-03-16,43.6397067634,3.4029672072,flowering,5,244.41140136718832
2025-04-21,2025-03-16,42.0784182986,13.4105780227,flowering,5,83.3317657470709
2025-04-19,2025-03-16,38.0987768625,-7.65683706,flowering,5,337.23184967041095
2025-04-21,2025-03-16,41.8596117494,14.4616029784,flowering,5,142.36697082519606
2025-04-21,2025-03-16,41.804275,13.79688,flowering,5,45.58287963867224
2025-04-20,2025-03-16,43.2851108489,2.2027039978,flowering,5,220.8574218750008
2025-04-20,2025-03-16,43.285085717,2.2028099435,flowering,5,220.8574218750008
2025-04-20,2025-03-16,43.2839566609,2.2007718506,flowering,5,220.8574218750008
2024-04-28,2024-03-06,45.6358,3.0975166667,flowering,5,208.13792419433696
2025-04-20,2025-03-16,51.4459074,-2.6531728,flowering,5,151.8331298828133
2025-04-20,2025-03-16,48.1809277778,16.4892416667,flowering,5,178.87302246093816
2025-04-20,2025-03-16,48.1809361111,16.4891388889,flowering,5,178.87302246093816
2025-04-20,2025-03-16,48.1915722222,16.4831361111,flowering,5,178.87302246093816
2025-04-20,2025-03-16,47.7643519444,16.8860505556,flowering,5,198.61624908447334
2025-04-20,2025-03-16,44.9462965997,15.6684202997,flowering,5,131.90827178955146
2025-04-20,2025-03-16,45.3760070161,4.1410980374,flowering,5,118.67074890136792
2025-04-19,2025-03-16,47.4606272256,18.4126862103,flowering,5,154.6008789062506
2025-04-18,2025-03-16,46.9347634123,16.1414603275,flowering,5,154.8488204956061
2025-04-19,2025-03-16,45.9010439997,16.0690260997,flowering,5,167.21361541748115
2025-04-16,2025-03-16,46.9396472083,16.043308857,flowering,5,134.13648376464903
2025-04-16,2025-03-16,46.8986741569,16.0324635006,flowering,5,134.13648376464903
2025-04-18,2025-03-16,47.0077111111,17.9163083333,flowering,5,165.90900268554753
2025-04-19,2025-03-16,40.5996966667,-3.9217133333,flowering,5,167.93183593750075
2025-04-12,2025-03-16,43.2043979244,6.4724914215,flowering,5,200.1576049804694
2025-04-19,2025-03-16,45.1899062997,15.1395686997,flowering,5,90.379013061524
2025-04-19,2025-03-16,39.5717083333,-8.6826633333,flowering,5,273.6146545410164
2025-04-19,2025-03-16,48.8904861111,-1.5648861111,flowering,5,
2025-04-19,2025-03-16,45.9116419613,11.0829896671,flowering,5,82.9322402954108
2025-04-04,2025-03-16,42.9921902347,-1.6659926312,flowering,5,70.06997375488322
2025-04-19,2025-03-16,42.7701963918,11.7136248574,flowering,5,168.81989898681718
2025-04-19,2025-03-16,43.6019783333,16.8836966667,flowering,5,113.49606781005923
2025-04-19,2025-03-16,47.9387033333,16.5862166667,flowering,5,167.65857543945378
2025-04-19,2025-03-16,47.9372966667,16.584525,flowering,5,167.65857543945378
2025-04-19,2025-03-16,46.393868,16.37333,flowering,5,183.4625778198249
2025-04-19,2025-03-16,47.2693027778,0.1232777778,flowering,5,218.21211700439528
2025-04-19,2025-03-16,47.7638093568,16.7850751709,flowering,5,184.51697387695378
2025-04-19,2025-03-16,47.7638173196,16.7850859836,flowering,5,184.51697387695378
2025-04-19,2025-03-16,47.7637639269,16.7849771027,flowering,5,184.51697387695378
2025-04-16,2025-03-16,46.8003225433,16.1290555589,flowering,5,140.71978912353575
2025-04-16,2025-03-16,46.8988249566,16.0600605032,flowering,5,136.67394409179747
2025-04-18,2025-03-16,46.9110307116,16.0044485151,flowering,5,151.88167266845767
2025-04-18,2025-03-16,45.3526802061,11.4559011458,flowering,5,208.51321716308667
2025-04-18,2025-03-16,46.0875945,13.3645833333,flowering,5,156.57949981689524
2025-04-16,2025-03-16,48.19290295,16.4846606258,flowering,5,140.28295898437557
2025-04-18,2025-03-16,46.7582263347,6.5971416758,flowering,5,116.12061920166082
2025-04-18,2025-03-16,46.7184886483,6.5602627799,flowering,5,122.72322998046945
2025-04-17,2025-03-16,50.8318750997,1.7779514,flowering,5,155.69408874511794
2025-04-17,2025-03-16,47.8034533333,16.6788916667,flowering,5,161.64858551025452
2025-04-17,2025-03-16,43.7806383333,1.1957216667,flowering,5,243.1118576049812
2025-04-17,2025-03-16,42.9804083333,-3.9604116667,flowering,5,122.62885894775457
2025-04-16,2025-03-16,45.0077395983,16.2962224617,flowering,5,144.7823379516608
2025-04-16,2025-03-16,44.0404029151,10.5429946474,flowering,5,175.9786560058601
2025-04-16,2025-03-16,41.8596829722,14.4606659722,flowering,5,108.61661224365298
2025-04-15,2025-03-16,41.9459033525,8.7984619662,flowering,5,225.54568634033274
2025-04-15,2025-03-16,41.9453365311,8.7889649346,flowering,5,225.54568634033274
2025-04-16,2025-03-16,51.5519325015,0.4531005705,flowering,5,144.08899841308664
2025-04-16,2025-03-16,47.2473760985,18.4421614032,flowering,5,139.36139068603575
2025-04-16,2025-03-16,47.3772908135,18.5652716522,flowering,5,128.55875396728572
2025-04-15,2025-03-16,42.1251416667,13.4191283333,flowering,5,56.910896301269986
2025-04-15,2025-03-16,42.0773916667,13.41253,flowering,5,56.910896301269986
2025-04-15,2025-03-16,39.8091088417,-5.661495477,flowering,5,231.92209777832102
2025-04-15,2025-03-16,42.3626065677,13.4069356523,flowering,5,75.96670379638726
2025-04-14,2025-03-16,42.3089027403,13.7195911406,flowering,5,46.690431213379384
2025-04-14,2025-03-16,47.7752216667,16.790825,flowering,5,129.84484710693414
2025-04-14,2025-03-16,48.1642575139,16.0665986314,flowering,5,93.42088775634818
2025-04-13,2025-03-16,47.763685,16.7852733333,flowering,5,119.53982238769584
2025-04-13,2025-03-16,47.7637566667,16.7856166667,flowering,5,119.53982238769584
2025-04-13,2025-03-16,47.76365,16.7854483333,flowering,5,119.53982238769584
2025-04-14,2025-03-16,47.7555458387,16.8693558025,flowering,5,131.88608398437555
2025-04-13,2025-03-16,42.1594611667,14.0221888333,flowering,5,71.78035430908255
2025-04-12,2025-03-16,44.8056753997,13.9090913,flowering,5,
2025-04-13,2025-03-16,47.7636483333,16.7855066667,flowering,5,119.53982238769584
2025-04-13,2025-03-16,47.7636373588,16.7844406989,flowering,5,119.53982238769584
2025-04-09,2025-03-16,50.6081783333,-3.3847216667,flowering,5,
2025-04-13,2025-03-16,45.3988990783,11.5147008894,flowering,5,162.45534820556702
2025-04-13,2025-03-16,47.975148962,16.6259187731,flowering,5,98.65636749267628
2025-04-13,2025-03-16,40.8140015354,-3.6747907303,flowering,5,106.43235473632865
2025-04-13,2025-03-16,43.8268705073,4.5955481739,flowering,5,225.90410461425847
2025-04-13,2025-03-16,47.2972702999,16.4210919841,flowering,5,87.516284179688
2025-04-13,2025-03-16,44.3385382556,12.3236450181,flowering,5,179.66598358154363
2025-04-12,2025-03-16,45.3788477279,11.5087899193,flowering,5,154.10001525878965
2025-04-08,2025-03-16,47.7639984997,16.7790363997,budding,5,89.22026519775432
2025-04-12,2025-03-16,43.6181297222,11.8663101111,flowering,5,123.75328216552793
2025-04-12,2025-03-16,40.5512586698,-3.878434238,flowering,5,132.8622070312506
2025-04-12,2025-03-16,45.6482791,15.4827230997,flowering,5,80.55345306396532
2025-04-12,2025-03-16,48.1930283333,16.4847366667,flowering,5,98.24613342285204
2025-04-09,2025-03-16,46.6503384021,-1.8970158454,flowering,5,162.96964874267633
2025-04-11,2025-03-16,44.0008616667,0.0509466667,flowering,5,204.50332794189512
2025-04-11,2025-03-16,42.2404046342,9.1585951612,flowering,5,94.92972564697322
2025-04-11,2025-03-16,42.2833082833,9.1290488132,flowering,5,81.28701477050834
2025-04-11,2025-03-16,42.2405032307,9.0582082284,flowering,5,70.65597839355519
2025-04-11,2025-03-16,42.2186691981,9.0436099962,flowering,5,63.43545837402394
2025-04-11,2025-03-16,42.3214784114,9.0586820727,flowering,5,81.28701477050834
2025-04-09,2025-03-16,39.0852555,26.3867416667,flowering,5,186.06637573242244
2025-04-11,2025-03-16,46.6375489997,-1.8763859,flowering,5,
2025-04-11,2025-03-16,43.6762533507,0.100521891,flowering,5,194.64213714599668
2025-04-10,2025-03-16,41.776395,13.8563416667,budding,5,9.093157958984534
2025-04-10,2025-03-16,41.7801319136,13.9053393155,budding,5,9.093157958984534
2025-04-10,2025-03-16,43.93193159,0.99180726,flowering,5,182.54023742675838
2025-04-09,2025-03-16,39.9511451667,-8.4703426111,flowering,5,197.9843826293951
2025-04-09,2025-03-16,43.1820983457,6.3499792334,flowering,5,165.62339019775447
2025-04-09,2025-03-16,41.4690243776,-5.9631149098,flowering,5,113.78100433349664
2025-04-09,2025-03-16,47.8099039151,2.8389060963,flowering,5,128.0140747070318
2025-04-05,2025-03-16,44.2685437982,11.1536598516,flowering,5,85.67580261230512
2025-04-07,2025-03-16,48.0464035769,-1.7069889978,flowering,5,134.08072357177787
2025-04-07,2025-03-16,43.3613499,2.1704088,flowering,5,100.21228332519581
2025-04-07,2025-03-16,42.1231299,13.42326293,flowering,5,29.767668151855787
2025-03-20,2025-03-16,46.6031613997,-1.8200205461,flowering,5,
2025-04-05,2025-03-16,45.8447579566,9.3421546749,flowering,5,75.94485321044965
2025-04-05,2025-03-16,45.8447579566,9.3421546749,flowering,5,75.94485321044965
2025-04-05,2025-03-16,44.3234603903,11.340014773,flowering,5,89.0651306152348
2025-04-05,2025-03-16,44.3231873825,11.340762582,flowering,5,89.0651306152348
2025-04-04,2025-03-16,43.5841053334,1.3539178604,flowering,5,124.77031707763717
2025-04-05,2025-03-16,45.4804980818,10.983405523,flowering,5,102.67404785156293
2025-04-05,2025-03-16,42.2988860942,-6.0671260478,flowering,5,67.57723541259804
2025-04-05,2025-03-16,43.3786662108,0.6848897026,flowering,5,122.14083862304733
2025-03-23,2025-03-16,44.1775811616,1.1968043447,flowering,5,41.57696838378922
2025-04-05,2025-03-16,47.0999161807,-1.2235413443,flowering,5,116.95839691162155
2025-04-04,2025-03-16,37.359928006,-8.7393095314,flowering,5,171.3363647460942
2025-04-02,2025-03-16,37.166675,-8.8772483333,flowering,5,
2025-04-02,2025-03-16,43.420073865,17.0950705567,flowering,5,66.03354034423865
2025-04-02,2025-03-16,37.2823758898,-8.8009918557,flowering,5,161.48856048584025
2025-04-01,2025-03-16,43.5814548888,1.1381233111,flowering,5,93.44774017334021
2025-04-01,2025-03-16,43.2720646812,1.2247187644,flowering,5,88.24496612548865
2025-03-26,2025-03-16,43.3926166667,6.3461,flowering,5,52.840623474121344
2025-03-30,2025-03-16,34.9675629722,32.3780169722,flowering,5,156.87644958496128
2025-03-28,2025-03-16,41.285930591,1.9044740939,flowering,5,76.09602813720733
2025-02-27,2025-03-16,37.1848559749,14.7123282089,flowering,5,3.9334579467773665
2025-03-27,2025-03-16,37.0828695,-8.81358,flowering,5,107.17441101074246
2025-03-27,2025-03-16,42.1429435629,12.4214520212,flowering,5,66.67939300537137
2024-03-30,2024-03-06,47.63530733,-3.1966282877,flowering,5,135.7460021972662
2024-03-30,2024-03-06,47.6352625684,-3.1966293417,flowering,5,135.7460021972662
2024-03-30,2024-03-06,47.6352938315,-3.1964968595,flowering,5,135.7460021972662
2024-03-30,2024-03-06,47.6352560977,-3.1964975936,flowering,5,135.7460021972662
2025-03-26,2025-03-16,43.4171762406,12.9909618088,flowering,5,37.98223724365255
2025-03-26,2025-03-16,38.104775,-8.5690222222,flowering,5,82.970788574219
2025-03-25,2025-03-16,40.8892628547,16.5679826215,flowering,5,49.936149597168196
2025-03-23,2025-03-16,46.1924952029,7.0620211846,flowering,5,0.0
2025-03-23,2025-03-16,39.4613,2.8227416667,flowering,5,74.95739440917987
2025-03-23,2025-03-16,37.63315394,-7.67441429,flowering,5,64.38698272705096
2025-03-23,2025-03-16,44.0812028333,0.80118,flowering,5,44.16086883544938
2025-03-22,2025-03-16,44.05248464,1.6521558674,flowering,5,32.840219116211074
2025-03-22,2025-03-16,43.814252,1.358243,flowering,5,37.97372589111342
2025-03-20,2025-03-16,36.5637532577,6.7714364588,flowering,5,44.88768005371105
2025-03-20,2025-03-16,36.4804096243,6.7046973023,budding,5,39.673355102539176
2025-03-20,2025-03-16,36.5603682983,6.6372095642,flowering,5,40.84861755371105
2025-03-20,2025-03-16,36.5647714003,6.7731185967,flowering,5,44.88768005371105
2025-03-20,2025-03-16,36.4416596403,6.675126425,flowering,5,40.25455474853527
2025-03-19,2025-03-16,42.6072197483,-1.6657849726,flowering,5,5.955905151367233
2025-03-19,2025-03-16,40.2595476841,8.8707322269,budding,5,13.436132812500091
2024-04-14,2024-03-06,47.7543730389,16.8675118946,flowering,5,288.69364776611417
2024-04-14,2024-03-06,47.7535839314,16.8678214556,flowering,5,288.69364776611417
2025-03-18,2025-03-16,38.9450056851,-8.0888193659,flowering,5,23.63857727050788
2025-03-18,2025-03-16,42.7516633333,9.4524783333,flowering,5,15.52602844238288
2025-03-17,2025-03-16,42.1418972222,12.4233694444,flowering,5,6.516673278808639
2025-03-16,2025-03-16,43.5841277747,1.3541643741,budding,5,0.13890991210939774
2025-03-15,2025-03-16,39.2140997678,9.4820966944,flowering,5,8.850915527343773
2025-03-15,2025-03-16,37.5230887593,-6.3081747293,flowering,5,4.751672363281273
2025-03-14,2025-03-16,36.80091035,4.0149145333,flowering,5,8.708146667480491
2025-03-12,2025-03-16,36.6555011,4.6642356997,flowering,5,6.355470275878929
2025-03-13,2025-03-16,39.3203994487,8.5534083098,flowering,5,8.35505065917971
2024-04-13,2024-03-06,47.5720173306,-0.4824992637,flowering,5,235.3085464477548
2024-04-13,2024-03-06,47.5721361634,-0.4825566513,flowering,5,235.3085464477548
2025-03-09,2025-03-16,37.6738133333,-7.8502,flowering,5,6.051881408691429
2025-03-09,2025-03-16,37.6737716667,-7.8504533333,flowering,5,6.051881408691429
2025-03-07,2025-03-16,37.263743819,-8.2914638184,flowering,5,7.33448181152346
2025-03-07,2025-03-16,42.7038592997,9.1917422,flowering,5,6.7944198608398665
2024-05-14,2024-03-06,42.0539971667,13.675955,flowering,5,358.8924789428726
2024-05-10,2024-03-06,42.0722,13.6664,flowering,5,323.63631591797014
2024-05-08,2024-03-06,42.0150861167,13.9039883333,flowering,5,239.5766860961926
2025-02-23,2025-03-16,43.2760336486,-6.8080995977,flowering,5,2.5730453491211165
2024-04-21,2024-03-06,42.2056078,13.0142294,flowering,5,259.7701446533214
2024-04-13,2024-03-06,46.8633626623,16.0279386098,flowering,5,228.31299285888758
2024-04-13,2024-03-06,46.9420697439,16.0922129428,flowering,5,232.73361663818446
2024-05-12,2024-03-06,43.7409885093,6.9154228712,flowering,5,330.56487731933737
2024-04-03,2024-03-06,47.647706,1.507792,flowering,5,150.11878051757878
2024-04-01,2024-03-06,45.1337954651,-0.4323613638,flowering,5,183.56929321289124
2025-01-30,2025-03-16,37.0486846828,-7.9807921467,flowering,5,7.9538742065429915
2024-05-12,2024-03-06,43.7407311886,6.9143092632,flowering,5,330.56487731933737
2024-05-05,2024-03-06,43.5199149722,6.9059366389,flowering,5,523.7679611206069
2024-04-19,2024-03-06,43.562715,6.9815166389,flowering,5,340.0347290039073
2024-05-26,2024-03-06,42.1227130047,13.4201360314,flowering,5,367.53856506347813
2024-05-26,2024-03-06,42.1227130047,13.4201360314,flowering,5,367.53856506347813
2024-04-25,2024-03-06,42.844597,-2.719944,flowering,5,246.48325347900504
2024-04-25,2024-03-06,42.844615,-2.719968,flowering,5,246.48325347900504
2024-05-25,2024-03-06,41.7733131455,13.8549666815,flowering,5,237.8604370117199
2024-05-25,2024-03-06,41.7733131455,13.8549666815,flowering,5,237.8604370117199
2024-05-11,2024-03-06,42.6053489221,-0.8427753761,flowering,5,303.3944625854506
2024-05-11,2024-03-06,42.64946827,-0.8333838787,flowering,5,303.3944625854506
2024-05-10,2024-03-06,42.6205908133,-0.9710260929,flowering,5,302.74720916748186
2024-04-10,2024-03-06,44.8448699768,-0.6563580036,flowering,5,278.5929122924813
2024-05-29,2024-03-06,42.797256,-2.62328,flowering,5,463.5542739868183
2024-05-24,2024-03-06,42.790843,-2.63726,flowering,5,422.0350326538104
2024-05-24,2024-03-06,42.793337,-2.633289,flowering,5,422.0350326538104
2024-04-22,2024-03-06,42.797203,-2.62316,flowering,5,235.37303619384875
2024-04-19,2024-03-06,42.793424,-2.633385,flowering,5,228.550407409669
2024-04-19,2024-03-06,42.79084,-2.637282,flowering,5,228.550407409669
2024-04-28,2024-03-06,41.1507944729,-3.6835838647,flowering,5,174.969464111329
2024-05-26,2024-03-06,40.7567182294,-3.8681033625,flowering,5,329.67457580566554
2024-06-15,2024-03-06,43.00233055,-3.9468366667,flowering,5,513.9008789062522
2024-06-08,2024-03-06,42.63388571,-7.15487033,flowering,5,470.47184906006044
2024-06-07,2024-03-06,43.0021027833,-3.94673,flowering,5,457.7666351318379
2024-06-07,2024-03-06,41.0451303,-3.49014337,flowering,5,584.2722198486347
2024-05-10,2024-03-06,41.8583336676,2.3854108594,flowering,5,398.08619079589994
2024-05-27,2024-03-06,44.2796313833,17.6220910667,flowering,5,326.1178588867201
2024-06-02,2024-03-06,42.9348766485,-3.9493687078,flowering,5,381.65885620117365
2024-06-04,2024-03-06,43.0023638833,-3.946855,flowering,5,420.80989685058785
2024-05-21,2024-03-06,42.5245548086,9.0082369465,flowering,5,480.4343032836931
2024-03-31,2024-03-06,47.75470116,16.86776279,flowering,5,133.25749206543026
2024-05-31,2024-03-06,42.98657,-3.951405,flowering,5,382.3406494140643
2024-05-29,2024-03-06,45.7777899751,14.3964730039,fruiting,5,438.85917358398603
2024-05-29,2024-03-06,45.752315882,14.2984842815,flowering,5,432.7824523925798
2024-05-29,2024-03-06,45.6885632969,14.3378656212,flowering,5,435.5360855102556
2024-05-29,2024-03-06,45.6530522879,14.3986134403,fruiting,5,391.5104812622086
2024-05-29,2024-03-06,45.6077297953,14.2476474227,flowering,5,497.75269927978695
2024-05-29,2024-03-06,45.7904691805,14.3912519719,flowering,5,438.85917358398603
2024-05-29,2024-03-06,43.0398416667,-3.9566783333,flowering,5,370.85144958496267
2024-05-25,2024-03-06,41.0682194444,-3.5295833333,flowering,5,297.2654159545913
2024-05-25,2024-03-06,41.0704222222,-3.526225,flowering,5,297.2654159545913
2024-05-25,2024-03-06,41.0698444444,-3.5202194444,flowering,5,297.2654159545913
2024-05-15,2024-03-06,47.9930554997,23.9831488997,flowering,5,281.2678619384777
2024-05-23,2024-03-06,42.2289155252,13.5486526782,flowering,5,270.07611846923965
2024-05-27,2024-03-06,43.0016638883,-3.9450866667,flowering,5,360.97632751465017
2024-05-25,2024-03-06,42.4392372,-6.0373151,flowering,5,413.76793518066575
2024-05-22,2024-03-06,42.0997613556,13.0771559772,flowering,5,434.7513488769548
2024-05-25,2024-03-06,41.06225217,-3.55244195,flowering,5,308.4390762329116
2024-05-17,2024-03-06,44.0679015717,10.4492393282,flowering,5,387.4244522094742
2024-04-25,2024-03-06,37.30749,-8.60508,flowering,5,515.8012863159191
2024-05-24,2024-03-06,41.06877624,-3.52505572,flowering,5,287.6212341308608
2024-05-23,2024-03-06,43.4696862241,2.8421327937,flowering,5,501.6737503051776
2024-05-18,2024-03-06,42.8465570194,-3.8627697464,flowering,5,288.55128021240375
2024-05-18,2024-03-06,42.9564761426,-3.6528747227,flowering,5,327.26401367187657
2024-05-18,2024-03-06,42.9254559846,-3.6272096453,flowering,5,344.50579986572427
2024-05-12,2024-03-06,41.0595052,-3.5297283,flowering,5,239.48220062255973
2024-05-21,2024-03-06,41.9727883333,-2.7823,flowering,5,179.88345489502058
2024-05-21,2024-03-06,43.678964,3.0839957997,flowering,5,445.8595764160174
2024-05-19,2024-03-06,46.4408333333,11.990105,flowering,5,57.1752944946295
2024-05-18,2024-03-06,41.0622433333,-3.548705,flowering,5,271.6771484375013
2024-05-19,2024-03-06,43.9284208061,3.0047625431,flowering,5,374.6132461547868
2024-05-20,2024-03-06,45.5128333333,25.25808,flowering,5,241.84534454345817
2024-05-19,2024-03-06,45.5900221172,4.0078104785,flowering,5,282.034770202638
2024-05-18,2024-03-06,41.0440750674,-3.5299942642,flowering,5,363.55694122314594
2024-05-19,2024-03-06,42.0651445,13.4651783333,flowering,5,316.8874008178725
2024-05-19,2024-03-06,41.9611668634,13.9668700285,flowering,5,257.2111083984388
2024-04-26,2024-03-06,42.8794104945,2.370038415,flowering,5,283.291587829591
2024-05-01,2024-03-06,47.0748956363,6.8766939832,flowering,5,148.85893859863359
2024-05-18,2024-03-06,42.96996709,-3.76588911,flowering,5,314.5630004882828
2024-05-18,2024-03-06,45.4105966667,25.1807133333,flowering,5,180.455924987794
2024-05-17,2024-03-06,41.04909257,-3.5297202601,flowering,5,259.1135864257825
2024-05-17,2024-03-06,41.0488570626,-3.5294014417,flowering,5,259.1135864257825
2024-05-09,2024-03-06,41.0669836135,-3.4736028086,flowering,5,209.9033004760753
2024-05-17,2024-03-06,43.9636041829,3.1585371494,flowering,5,305.5773712158218
2024-05-17,2024-03-06,43.9634803828,3.1587577611,flowering,5,305.5773712158218
2024-04-14,2024-03-06,42.5328105824,8.9947545166,flowering,5,226.53866424560636
2024-04-14,2024-03-06,42.4983691319,8.9996130426,flowering,5,226.53866424560636
2024-05-16,2024-03-06,41.06265381,-3.52395986,flowering,5,256.1707519531262
2024-04-01,2024-03-06,45.1253471463,-0.1807106618,flowering,5,179.6040222167975
2024-04-14,2024-03-06,42.5320467991,8.9951687532,flowering,5,226.53866424560636
2024-05-15,2024-03-06,47.2948328737,15.0016401543,flowering,5,201.12317657470805
2024-05-15,2024-03-06,47.2971596968,15.1933376039,flowering,5,226.81766357421986
2024-05-03,2024-03-06,45.8266020917,25.908581205,flowering,5,247.84154357910256
2024-04-11,2024-03-06,47.8649975367,16.7775593698,flowering,5,240.71092376709066
2024-05-10,2024-03-06,50.0104937264,7.7364031042,flowering,5,277.912960815431
2024-05-10,2024-03-06,50.1462719448,7.7600310945,flowering,5,289.7260025024427
2024-05-10,2024-03-06,50.1301387269,7.6996115637,flowering,5,277.04481811523567
2024-05-10,2024-03-06,50.172049905,7.6370457329,flowering,5,290.73284606933726
2024-05-11,2024-03-06,42.7227919345,26.3673719019,flowering,5,442.54655914306784
2024-05-14,2024-03-06,55.8643055556,21.0647111111,flowering,5,221.6286956787119
2024-04-14,2024-03-06,42.893708,-2.604134,flowering,5,229.506980895997
2024-05-10,2024-03-06,47.3157446263,15.4413039604,flowering,5,212.57447204589948
2024-05-13,2024-03-06,41.04456008,-3.50486904,flowering,5,340.2999832153333
2024-05-08,2024-03-06,46.6678116667,23.5387533333,flowering,5,278.33212585449326
2024-05-10,2024-03-06,46.7671998688,6.4133474674,flowering,5,189.36086883545022
2024-05-10,2024-03-06,46.6222235823,6.4286442185,flowering,5,225.85222625732524
2024-05-13,2024-03-06,44.6109290385,22.2631096467,flowering,5,410.93864288330224
2024-05-11,2024-03-06,47.8844403105,7.2528263016,fruiting,5,360.4498260498061
2024-05-12,2024-03-06,42.5016786627,-5.7000650711,flowering,5,309.06027832031384
2024-05-12,2024-03-06,40.9413389722,14.713281,flowering,5,500.8481643676773
2024-05-12,2024-03-06,48.8675366667,16.01337,flowering,5,384.2967773437514
2024-05-12,2024-03-06,45.98470574,5.73242662,flowering,5,242.51421966552846
2024-05-12,2024-03-06,42.6708632694,9.3767542718,flowering,5,585.1945770263687
2024-05-12,2024-03-06,47.0507835155,22.5322877616,flowering,5,387.4006546020521
2024-05-11,2024-03-06,41.3897929293,0.9151356721,flowering,5,521.1823837280289
2024-05-11,2024-03-06,52.6375174093,-2.9176908481,flowering,5,221.3145706176772
2024-05-11,2024-03-06,46.3745916667,23.5808716667,flowering,5,335.4062240600598
2024-05-11,2024-03-06,44.5044372615,28.4350942161,flowering,5,479.1293380737318
2024-05-11,2024-03-06,42.3488466667,13.5712533333,flowering,5,220.1949432373059
2024-05-11,2024-03-06,42.7824347997,-5.7400200997,flowering,5,210.79153594970808
2024-05-11,2024-03-06,42.7161122098,26.3751549667,flowering,5,442.54655914306784
2024-05-11,2024-03-06,43.7976216667,6.722095,flowering,5,196.70503845214955
2024-05-11,2024-03-06,49.91268746,12.97362234,flowering,5,270.0893951416027
2024-05-07,2024-03-06,46.7607466667,23.274345,flowering,5,271.16801147461035
2024-05-10,2024-03-06,44.0406313871,10.4827510094,flowering,5,426.40326080322416
2024-05-08,2024-03-06,42.1419104985,14.0649823262,flowering,5,205.28726654052844
2024-05-10,2024-03-06,47.1517583333,9.9173472222,flowering,5,49.24613342285204
2024-04-14,2024-03-06,48.1763083018,16.5488599699,flowering,5,271.0341094970712
2024-05-05,2024-03-06,41.8587991792,14.1174817592,flowering,5,183.53350830078227
2024-05-09,2024-03-06,46.69305,-2.334845,flowering,5,
2024-04-26,2024-03-06,41.6948845228,44.7688785832,flowering,5,234.19750823974698
2024-05-09,2024-03-06,48.0451164244,16.0608692167,flowering,5,356.1909622192396
2024-05-09,2024-03-06,48.0450630186,16.0607376097,flowering,5,356.1909622192396
2024-05-07,2024-03-06,46.8936723097,16.0026980658,flowering,5,379.96067962646623
2024-05-07,2024-03-06,46.9555580787,16.0769297252,flowering,5,387.61776275634907
2024-05-09,2024-03-06,44.4702124965,1.7316257581,flowering,5,425.50077056884913
2024-05-08,2024-03-06,42.35,8.99,flowering,5,216.82109985351678
2024-05-08,2024-03-06,55.2387643844,20.8479220874,flowering,5,
2024-05-09,2024-03-06,45.1253133333,7.05553,flowering,5,46.448432922363736
2024-05-08,2024-03-06,44.7930229245,13.9112468809,flowering,5,
2024-05-08,2024-03-06,42.35,9.0,flowering,5,216.82109985351678
2024-05-08,2024-03-06,45.6412998997,3.0369923,flowering,5,198.59138641357526
2024-05-08,2024-03-06,43.6371260722,2.7773526683,flowering,5,286.1511138916029
2024-05-08,2024-03-06,42.35,8.99,flowering,5,216.82109985351678
2024-05-06,2024-03-06,42.3070470825,9.1517011821,flowering,5,351.80162200927873
2024-05-06,2024-03-06,43.8824973585,11.7950453237,flowering,5,326.04868621826313
2024-05-07,2024-03-06,46.9917258738,16.0753093411,flowering,5,387.61776275634907
2024-05-07,2024-03-06,46.9812589417,16.0058213115,flowering,5,371.76285705566545
2024-05-07,2024-03-06,46.989602558,16.0160688663,flowering,5,371.76285705566545
2024-05-07,2024-03-06,46.8047634077,16.0029989366,flowering,5,402.93211669922016
2024-05-04,2024-03-06,44.8756468865,9.1822696854,flowering,5,299.8137451171888
2024-05-04,2024-03-06,44.9743217779,9.1821240766,flowering,5,387.1259735107435
2024-04-29,2024-03-06,40.7619341956,-3.6844050284,flowering,5,271.79701538086044
2024-04-21,2024-03-06,43.3284217739,6.3888715521,flowering,5,355.6305953979503
2024-05-05,2024-03-06,47.7606332,16.8864069997,flowering,5,439.249061584474
2024-05-05,2024-03-06,42.4121444444,-5.2153472222,flowering,5,263.3892089843763
2024-05-04,2024-03-06,41.0497904389,-3.5392588651,flowering,5,182.8644668579111
2024-04-30,2024-03-06,43.6980283,1.3909458,flowering,5,415.55340728759893
2024-05-05,2024-03-06,40.97292549,-3.56767924,flowering,5,248.92216949463
2024-05-05,2024-03-06,48.1907283333,16.4844416667,flowering,5,412.46698760986465
2024-05-05,2024-03-06,42.7577316667,-1.5916466667,flowering,5,308.3286209106459
2024-04-20,2024-03-06,40.8632351667,-3.6345556389,flowering,5,229.29116516113368
2024-05-04,2024-03-06,42.611445,-5.5333666667,flowering,5,232.77673492431757
2024-05-04,2024-03-06,45.480584591,10.9839433059,flowering,5,371.9035034179701
2024-05-04,2024-03-06,45.9084583333,16.0803028333,flowering,5,394.2787231445326
2024-05-04,2024-03-06,45.9085383333,16.0803666667,flowering,5,394.2787231445326
2024-05-04,2024-03-06,40.91442065,-3.51029054,flowering,5,294.17844848632933
2024-04-07,2024-03-06,44.6429041626,10.0840737676,flowering,5,155.10079193115303
2024-04-07,2024-03-06,44.6429041626,10.0840737676,flowering,5,155.10079193115303
2024-05-04,2024-03-06,48.4921687,23.22421195,flowering,5,199.31476287841883
2024-05-03,2024-03-06,44.3122948228,11.1929610413,fruiting,5,359.24844055175913
2024-05-03,2024-03-06,44.3147104077,11.1553384123,flowering,5,359.24844055175913
2024-04-26,2024-03-06,47.7815207777,16.8022131153,flowering,5,331.2608276367199
2024-05-01,2024-03-06,45.287699,6.366215,flowering,5,27.307795715332304
2024-05-03,2024-03-06,42.97248,-3.9036666667,flowering,5,219.01568908691524
2024-04-22,2024-03-06,52.5180555556,-1.7730555556,flowering,5,174.74349670410265
2024-05-02,2024-03-06,41.0950503831,-3.4160000535,flowering,5,177.64428863525484
2024-05-02,2024-03-06,41.01288818,-3.52888424,flowering,5,245.22424468994245
2024-04-27,2024-03-06,46.1877768567,25.4033924267,flowering,5,207.07339630127046
2024-04-29,2024-03-06,41.00325949,-3.59043686,flowering,5,225.4444458007822
2024-04-29,2024-03-06,42.900109,-2.745032,flowering,5,268.1467590332044
2024-04-29,2024-03-06,42.900116,-2.738625,flowering,5,268.1467590332044
2024-05-02,2024-03-06,45.0920572828,1.4715051602,flowering,5,352.5350082397474
2024-04-28,2024-03-06,47.89001435,16.8622636333,flowering,5,343.71233825683714
2024-04-07,2024-03-06,41.5763277778,14.1566805556,flowering,5,193.88293151855544
2024-04-27,2024-03-06,47.9263925,16.6894644333,flowering,5,320.46275634765743
2024-05-01,2024-03-06,48.0983271189,16.9447442846,flowering,5,364.4067016601575
2024-05-01,2024-03-06,48.0978040494,16.9446584539,flowering,5,364.4067016601575
2024-04-27,2024-03-06,47.9268863833,16.6892002667,flowering,5,320.46275634765743
2024-04-27,2024-03-06,47.9271641667,16.6898527667,flowering,5,320.46275634765743
2024-05-01,2024-03-06,46.9159044,16.1401472997,flowering,5,329.73029479980596
2024-05-01,2024-03-06,43.7324448,6.9451336,flowering,5,253.21002502441524
2024-05-01,2024-03-06,43.733203368,6.9431156293,flowering,5,253.21002502441524
2024-05-01,2024-03-06,43.7332130584,6.9431629032,flowering,5,253.21002502441524
2024-05-01,2024-03-06,43.7332159997,6.9432847997,flowering,5,253.21002502441524
2024-05-01,2024-03-06,43.7331416,6.9440119997,flowering,5,253.21002502441524
2024-05-01,2024-03-06,43.7331416,6.9440119997,flowering,5,253.21002502441524
2024-05-01,2024-03-06,43.7334837,6.9433999997,flowering,5,253.21002502441524
2024-05-01,2024-03-06,43.7336416136,6.9428447261,flowering,5,253.21002502441524
2024-05-01,2024-03-06,43.7337208318,6.9428497553,budding,5,253.21002502441524
2024-05-01,2024-03-06,43.733738032,6.942836009,flowering,5,253.21002502441524
2024-05-01,2024-03-06,43.7337375997,6.9428359997,flowering,5,253.21002502441524
2024-05-01,2024-03-06,43.7337375997,6.9428359997,flowering,5,253.21002502441524
2024-05-01,2024-03-06,43.7335892997,6.9428438997,flowering,5,253.21002502441524
2024-04-30,2024-03-06,48.103255253,7.7503817091,flowering,5,267.3662445068371
2024-05-01,2024-03-06,43.7337499026,6.9426080212,flowering,5,253.21002502441524
2024-05-01,2024-03-06,43.7337503997,6.9426079997,flowering,5,253.21002502441524
2024-05-01,2024-03-06,43.7338975997,6.9425207997,flowering,5,253.21002502441524
2024-05-01,2024-03-06,43.7338976,6.9425208,flowering,5,253.21002502441524
2024-05-01,2024-03-06,43.7338979216,6.9425208494,flowering,5,253.21002502441524
2024-05-01,2024-03-06,50.9473075867,-2.9956967831,flowering,5,215.43295440673955
2024-05-01,2024-03-06,49.1081471415,16.2396652345,flowering,5,263.2506439208995
2024-05-01,2024-03-06,45.8353814346,10.9904830783,flowering,5,140.47766265869222
2024-05-01,2024-03-06,45.8358667271,10.9907339068,flowering,5,140.47766265869222
2024-04-30,2024-03-06,42.9361410266,9.392805621,flowering,5,
2024-04-30,2024-03-06,41.986387,-3.0323502,flowering,5,138.33078613281327
2024-04-30,2024-03-06,46.719886294,6.40936136,flowering,5,148.15455474853593
2024-04-30,2024-03-06,46.6570190664,6.4200229628,flowering,5,148.15455474853593
2024-04-30,2024-03-06,42.0245166667,13.6892533333,flowering,5,240.12886047363395
2024-04-28,2024-03-06,43.3204149997,11.3352816,flowering,5,383.9427169799817
2024-04-30,2024-03-06,42.938011159,9.3864896894,flowering,5,
2024-04-30,2024-03-06,46.8066829093,7.5577133765,flowering,5,122.79888305664133
2024-04-29,2024-03-06,41.96087,13.9671116667,flowering,5,145.35395355224694
2024-04-29,2024-03-06,48.1473589,16.5755054997,flowering,5,337.36165466308717
2024-04-29,2024-03-06,48.1489533,16.5737705997,flowering,5,337.36165466308717
2024-04-29,2024-03-06,48.1489826997,16.5735443997,flowering,5,337.36165466308717
2024-04-29,2024-03-06,48.1939445909,16.9797288154,flowering,5,327.1340469360364
2024-04-26,2024-03-06,47.77527305,16.7979183333,flowering,5,331.2608276367199
2024-04-26,2024-03-06,47.7709958333,16.8013694333,flowering,5,331.2608276367199
2024-04-26,2024-03-06,47.771029,16.801574,flowering,5,331.2608276367199
2024-04-26,2024-03-06,47.775264,16.797937,flowering,5,331.2608276367199
2024-04-26,2024-03-06,47.778863,16.794426,flowering,5,331.2608276367199
2024-04-29,2024-03-06,43.4296678122,-8.3569875958,flowering,5,
2024-04-29,2024-03-06,50.913535539,-2.6899748856,flowering,5,216.6157135009778
2024-04-28,2024-03-06,46.8385619104,9.4446773543,flowering,5,14.49565429687516
2024-04-29,2024-03-06,50.9145011632,-2.6896173471,flowering,5,216.6157135009778
2024-04-28,2024-03-06,42.7002166667,-2.42997,flowering,5,219.60898590088004
2024-04-28,2024-03-06,43.876786773,11.6410872311,flowering,5,266.8275512695325
2024-04-28,2024-03-06,50.9348304997,-1.4078999997,flowering,5,240.8523391723645
2024-04-28,2024-03-06,41.75824615,12.79318457,flowering,5,360.7831710815442
2024-04-28,2024-03-06,48.90962,22.4727933333,flowering,5,186.87973327636803
2024-04-28,2024-03-06,48.9095233333,22.472325,flowering,5,186.87973327636803
2024-04-28,2024-03-06,48.1914039459,16.4833736792,flowering,5,331.0238693237317
2024-04-27,2024-03-06,48.2873362041,15.2956153482,flowering,5,213.0516693115244
2024-04-27,2024-03-06,48.2663423521,8.1607620087,flowering,5,195.48168487548924
2024-04-26,2024-03-06,40.5734306952,-4.1520635784,flowering,5,228.79034423828216
2024-04-27,2024-03-06,45.6915354331,9.5912636071,flowering,5,275.1710632324231
2024-04-27,2024-03-06,51.0485333333,-2.9451972222,flowering,5,221.19700927734493
2024-04-27,2024-03-06,47.7778100725,16.7947184667,flowering,5,339.0585052490246
2024-04-27,2024-03-06,48.3653781284,15.3972595744,flowering,5,188.4355224609384
2024-04-27,2024-03-06,48.3656285796,15.3974390309,flowering,5,188.4355224609384
2024-04-27,2024-03-06,48.318493,15.4095323,flowering,5,224.39430084228616
2024-04-26,2024-03-06,48.03962,17.1814383333,flowering,5,323.9783340454113
2024-04-26,2024-03-06,46.901336138,16.0981015861,flowering,5,281.56725463867303
2024-04-26,2024-03-06,46.9313629594,16.1831386508,flowering,5,294.2194061279308
2024-04-26,2024-03-06,47.7583417997,16.8535618997,flowering,5,334.9962020874035
2024-04-26,2024-03-06,47.7559959,16.8578641,flowering,5,334.9962020874035
2024-04-26,2024-03-06,48.6334984672,13.1351234113,flowering,5,223.13898010254013
2024-04-26,2024-03-06,47.7746,16.7921116667,flowering,5,331.2608276367199
2024-04-26,2024-03-06,47.77887,16.79443,flowering,5,331.2608276367199
2024-04-26,2024-03-06,41.064603373,-3.5564506152,flowering,5,175.4787536621102
2024-04-26,2024-03-06,40.5758810532,-4.1521021351,flowering,5,228.79034423828216
2024-04-26,2024-03-06,48.334946385,11.9419003359,flowering,5,228.75157775879006
2024-04-26,2024-03-06,44.715315031,2.1878715232,flowering,5,260.5770950317394
2024-04-26,2024-03-06,48.0877708,16.19656408,flowering,5,254.48487243652448
2024-04-26,2024-03-06,46.98743747,15.7000566,flowering,5,243.16938629150502
2024-04-26,2024-03-06,47.7788674448,16.7944753352,flowering,5,331.2608276367199
2024-04-26,2024-03-06,48.07840043,16.1770953,flowering,5,254.48487243652448
2024-04-26,2024-03-06,48.2516924287,16.370735988,flowering,5,300.5818847656261
2024-04-26,2024-03-06,48.07105015,16.17865476,flowering,5,254.48487243652448
2024-04-26,2024-03-06,43.9871171667,11.9269613922,flowering,5,307.82591552734493
2024-04-26,2024-03-06,47.7636464901,16.7787328083,flowering,5,331.2608276367199
2024-04-25,2024-03-06,47.7621208581,16.800108701,flowering,5,327.66069793701286
2024-04-25,2024-03-06,47.7749943987,16.798296175,flowering,5,327.66069793701286
2024-04-25,2024-03-06,51.2608279722,-2.7368359722,flowering,5,194.77024841308707
2024-04-03,2024-03-06,48.194425,16.9801266667,flowering,5,136.01303558349673
2024-04-24,2024-03-06,48.8448565973,15.8631693812,flowering,5,241.93214111328223
2024-04-21,2024-03-06,43.0783839674,23.759425208,flowering,5,283.18911132812605
2024-04-14,2024-03-06,47.7572716671,16.8707942968,flowering,5,288.69364776611417
2024-04-21,2024-03-06,45.4723353,11.4462707,flowering,5,292.1014968872081
2024-04-24,2024-03-06,39.87549,9.092745,flowering,5,345.90320587158317
2024-04-21,2024-03-06,44.39985,1.03825,flowering,5,338.7883560180675
2024-04-21,2024-03-06,44.3989164747,1.0352861145,flowering,5,338.7883560180675
2024-04-23,2024-03-06,51.317526,-2.9812609722,flowering,5,
2024-04-23,2024-03-06,51.3182439722,-2.981765,flowering,5,
2024-04-23,2024-03-06,51.319239,-2.9816169722,flowering,5,
2024-04-23,2024-03-06,51.319662,-2.9798059722,flowering,5,
2024-04-23,2024-03-06,46.7879717255,-2.0581011077,flowering,5,
2024-04-13,2024-03-06,47.7550883333,16.86847,flowering,5,274.37949066162196
2024-04-21,2024-03-06,45.8310469367,25.9223444367,flowering,5,183.36174468994216
2024-04-23,2024-03-06,48.1941173639,16.4794449972,flowering,5,303.93842010498156
2024-04-06,2024-03-06,44.1961481014,10.9285836592,flowering,5,119.11830139160224
2024-04-22,2024-03-06,40.9895477222,-3.6833929444,flowering,5,185.4335540771492
2024-04-22,2024-03-06,46.88111,16.042085,flowering,5,268.3575149536143
2024-04-22,2024-03-06,46.88198,16.0414283333,flowering,5,268.3575149536143
2024-04-22,2024-03-06,41.01681428,-3.55764702,flowering,5,209.89895019531332
2024-04-22,2024-03-06,41.05518025,-3.51086172,flowering,5,166.73586883545
2024-04-22,2024-03-06,47.7638456086,16.7855894845,flowering,5,321.19510955810654
2024-04-21,2024-03-06,48.1953380578,16.4825828335,flowering,5,300.9328323364268
2024-04-21,2024-03-06,48.1937936913,16.4791672087,flowering,5,300.9328323364268
2024-04-22,2024-03-06,45.065667779,7.2688215302,flowering,5,99.86006469726624
2024-04-21,2024-03-06,45.830255,25.9255466667,flowering,5,183.36174468994216
2024-04-21,2024-03-06,45.8310533333,25.92235,flowering,5,183.36174468994216
2024-04-21,2024-03-06,45.8304666667,25.9285633333,flowering,5,183.36174468994216
2024-04-20,2024-03-06,47.77532,16.79793,flowering,5,318.0480651855479
2024-04-21,2024-03-06,51.4481253,-2.6430283,flowering,5,182.66852874755966
2024-04-21,2024-03-06,48.087838766,16.1965573644,flowering,5,249.87381439209082
2024-04-20,2024-03-06,48.4214261637,15.5487696826,flowering,5,211.8200851440439
2024-04-20,2024-03-06,47.7546666667,16.8678333333,flowering,5,321.21712493896587
2024-04-12,2024-03-06,48.1944719595,16.4898776708,flowering,5,244.84041137695397
2024-04-20,2024-03-06,47.7079932381,-3.4666351229,flowering,5,
2024-04-20,2024-03-06,46.3658365341,6.0474080639,flowering,5,129.37026672363345
2024-04-20,2024-03-06,46.226430597,6.0921476136,flowering,5,184.48287658691493
2024-04-20,2024-03-06,45.70396,5.7478366667,flowering,5,262.33745727539167
2024-04-18,2024-03-06,47.7727666667,16.766095,flowering,5,311.58807830810645
2024-04-20,2024-03-06,45.680464294,9.5861764625,flowering,5,256.4052368164073
2024-04-20,2024-03-06,45.6797210336,9.5844561607,flowering,5,256.4052368164073
2024-04-20,2024-03-06,44.3799372645,11.4117878303,flowering,5,365.0831466674815
2024-04-18,2024-03-06,46.9485104403,16.1039422272,flowering,5,268.03503112793067
2024-04-12,2024-03-06,47.8393016667,14.35542,flowering,5,101.00482482910218
2024-04-19,2024-03-06,48.0785312969,16.1740366928,flowering,5,248.9498168945322
2024-04-19,2024-03-06,48.0786459615,16.1733891908,flowering,5,248.9498168945322
2024-04-19,2024-03-06,48.0786102544,16.1732449383,flowering,5,248.9498168945322
2024-04-19,2024-03-06,48.0785036366,16.1730038747,flowering,5,248.9498168945322
2024-04-18,2024-03-06,47.744994085,16.7953880734,flowering,5,310.08024291992285
2024-04-18,2024-03-06,47.77525,16.7979444444,flowering,5,311.58807830810645
2024-04-18,2024-03-06,47.7746666667,16.7986944444,flowering,5,311.58807830810645
2024-04-19,2024-03-06,43.5607566667,6.9841883333,flowering,5,340.0347290039073
2024-04-19,2024-03-06,43.562865,6.9814083333,flowering,5,340.0347290039073
2024-04-19,2024-03-06,47.93573,16.5831783333,flowering,5,299.2639450073252
2024-04-19,2024-03-06,46.89408762,15.87300882,flowering,5,261.6372589111338
2024-04-15,2024-03-06,47.7678786,16.8414558333,flowering,5,299.63928985595794
2024-04-18,2024-03-06,46.8033461997,15.8799583997,flowering,5,280.42076568603613
2024-04-15,2024-03-06,39.4996216667,-8.845345,flowering,5,352.75906524658296
2024-04-18,2024-03-06,48.1175745791,16.117099179,flowering,5,240.64489898681734
2024-04-17,2024-03-06,46.98676,16.1309433333,flowering,5,263.47632141113377
2024-04-17,2024-03-06,44.8541866389,2.7757466667,flowering,5,144.28306274414138
2024-04-14,2024-03-06,47.754555699,16.8675765335,flowering,5,288.69364776611417
2024-04-14,2024-03-06,47.754555699,16.8675765335,flowering,5,288.69364776611417
2024-04-14,2024-03-06,47.754555699,16.8675765335,flowering,5,288.69364776611417
2024-04-14,2024-03-06,47.754555699,16.8675765335,flowering,5,288.69364776611417
2024-04-14,2024-03-06,47.754555699,16.8675765335,flowering,5,288.69364776611417
2024-04-17,2024-03-06,48.1654222222,15.9833277778,flowering,5,256.919578552247
2024-04-17,2024-03-06,48.1654222222,15.9833277778,flowering,5,256.919578552247
2024-04-17,2024-03-06,48.1675777778,15.9820916667,flowering,5,256.919578552247
2024-04-17,2024-03-06,48.1790055556,15.9706611111,flowering,5,256.919578552247
2024-04-17,2024-03-06,48.3657483547,15.3978880495,flowering,5,182.79126281738365
2024-04-17,2024-03-06,42.74828701,11.41507171,flowering,5,330.91147308349707
2024-04-17,2024-03-06,47.8786882852,16.8472876679,flowering,5,299.0723068237314
2024-04-17,2024-03-06,47.8785288614,16.8473375403,flowering,5,299.0723068237314
2024-04-17,2024-03-06,47.8786678596,16.8472439868,flowering,5,299.0723068237314
2024-04-17,2024-03-06,47.8785677599,16.8472880964,flowering,5,299.0723068237314
2024-04-14,2024-03-06,46.1880073417,25.4040382117,flowering,5,156.78011016845767
2024-04-06,2024-03-06,44.1815424486,-1.2875871831,flowering,5,
2024-03-30,2024-03-06,47.0611666667,-1.9860516667,flowering,5,
2024-04-16,2024-03-06,43.5703550846,1.2340431288,flowering,5,331.01660461425877
2024-04-15,2024-03-06,44.2906158042,11.2887367979,flowering,5,285.6088500976572
2024-04-16,2024-03-06,48.2514408289,16.3709559292,flowering,5,279.4654525756845
2024-04-16,2024-03-06,42.0162526,14.3489918997,flowering,5,246.3815322875986
2024-04-13,2024-03-06,48.6411360274,15.8546069764,flowering,5,222.31758270263754
2024-04-15,2024-03-06,47.7678966667,16.8414633333,flowering,5,299.63928985595794
2024-04-15,2024-03-06,47.6748159722,15.9990909722,flowering,5,191.73967590332109
2024-04-15,2024-03-06,47.674778,15.9990959722,flowering,5,191.73967590332109
2024-04-14,2024-03-06,48.3247698144,11.600872623,flowering,5,210.50021667480553
2024-04-15,2024-03-06,41.0407899925,-3.585077785,flowering,5,177.0863861083991
2024-04-12,2024-03-06,47.8930826241,16.7716107876,flowering,5,250.54727478027428
2024-04-14,2024-03-06,42.5487533333,9.0267333333,flowering,5,321.11426544189544
2024-04-14,2024-03-06,42.540605,9.0264778333,flowering,5,226.53866424560636
2024-04-13,2024-03-06,38.3904012753,-3.3722077193,flowering,5,305.5263961792001
2024-04-14,2024-03-06,48.1610805556,16.5437861111,flowering,5,271.0341094970712
2024-04-14,2024-03-06,48.0331651907,-1.702933833,flowering,5,222.8935073852548
2024-04-14,2024-03-06,40.94765507,-3.61981653,flowering,5,187.77188415527417
2024-04-14,2024-03-06,42.8944394401,-2.7421832085,flowering,5,222.6551971435556
2024-04-13,2024-03-06,46.6496863889,-1.4514630556,flowering,5,240.6044982910165
2024-04-14,2024-03-06,48.174536,16.5459869,flowering,5,271.0341094970712
2024-04-14,2024-03-06,48.174536,16.5459869,flowering,5,271.0341094970712
2024-04-14,2024-03-06,48.174536,16.5459869,flowering,5,271.0341094970712
2024-04-14,2024-03-06,40.93273537,-3.5694808,flowering,5,187.77188415527417
2024-04-14,2024-03-06,48.3721733333,15.43241,flowering,5,172.16327514648515
2024-04-14,2024-03-06,48.3722583333,15.4338566667,flowering,5,172.16327514648515
2024-04-13,2024-03-06,48.1390533333,16.0060033333,flowering,5,204.61547088623126
2024-04-14,2024-03-06,48.19351997,16.48473498,flowering,5,271.0341094970712
2024-04-13,2024-03-06,46.9485104403,16.1039422272,flowering,5,232.73361663818446
2024-04-13,2024-03-06,46.9485104403,16.1039422272,flowering,5,232.73361663818446
2024-04-13,2024-03-06,46.9485104403,16.1039422272,flowering,5,232.73361663818446
2024-04-13,2024-03-06,43.6375709,0.5620226997,flowering,5,300.3380340576181
2024-04-13,2024-03-06,42.18626501,14.05172361,flowering,5,190.46065063476647
2024-04-13,2024-03-06,40.96979196,-3.57861344,flowering,5,155.64615173339905
2024-04-13,2024-03-06,47.7788939576,16.7943824572,flowering,5,271.1944168090829
2024-04-13,2024-03-06,49.8626372589,9.5116481206,flowering,5,169.562692260743
2024-04-13,2024-03-06,49.8421631804,9.4529754696,flowering,5,178.2872024536141
2024-04-13,2024-03-06,48.13914357,16.00639289,flowering,5,204.61547088623126
2024-04-13,2024-03-06,49.8156130037,9.5438994234,flowering,5,178.2872024536141
2024-04-01,2024-03-06,33.890820301,35.7345275581,flowering,5,164.71077270507874
2024-04-13,2024-03-06,42.84323284,-2.79267307,flowering,5,202.862677001954
2024-04-13,2024-03-06,48.174005,15.89454,flowering,5,225.96702728271566
2024-04-13,2024-03-06,48.1636666667,16.552625,flowering,5,257.321026611329
2024-04-13,2024-03-06,48.17334765,15.89450812,flowering,5,225.96702728271566
2024-04-09,2024-03-06,46.8730083333,16.0610116667,flowering,5,195.02194824218827
2024-04-09,2024-03-06,46.873765,16.0622566667,flowering,5,195.02194824218827
2024-04-09,2024-03-06,46.879405,16.06796,flowering,5,195.02194824218827
2024-04-09,2024-03-06,46.87922,16.0676366667,flowering,5,195.02194824218827
2024-04-09,2024-03-06,46.8792516667,16.0678516667,flowering,5,195.02194824218827
2024-04-09,2024-03-06,46.8792416667,16.0673383333,flowering,5,195.02194824218827
2024-04-12,2024-03-06,47.8112413374,16.7995836607,flowering,5,258.7552444458016
2024-03-19,2024-03-06,47.6086297262,-2.709669766,flowering,5,72.8462585449222
2024-04-12,2024-03-06,48.0515065323,16.5848655102,flowering,5,241.08961791992272
2024-04-12,2024-03-06,48.1876501283,16.5846136288,flowering,5,244.99154968261803
2024-04-12,2024-03-06,48.1510013992,16.541374864,flowering,5,244.84041137695397
2024-04-12,2024-03-06,48.1807064886,16.4144633269,flowering,5,238.1595687866219
2024-04-12,2024-03-06,48.1306268184,16.5894619127,flowering,5,241.08961791992272
2024-04-12,2024-03-06,48.0413922215,16.5560829324,flowering,5,233.32949981689535
2024-04-12,2024-03-06,48.082150809,16.5109418414,flowering,5,244.26649017334069
2024-04-11,2024-03-06,46.9600216667,16.22358,flowering,5,222.71058044433676
2024-04-12,2024-03-06,37.8410418851,14.1583767673,flowering,5,243.4556015014657
2024-04-12,2024-03-06,47.9375633333,16.5842466667,flowering,5,245.7250854492196
2024-04-12,2024-03-06,47.9360366667,16.584505,flowering,5,245.7250854492196
2024-04-12,2024-03-06,47.9353666667,16.58335,flowering,5,245.7250854492196
2024-04-12,2024-03-06,47.9353533333,16.5832366667,flowering,5,245.7250854492196
2024-04-12,2024-03-06,48.11423448,16.18886418,flowering,5,206.2648696899422
2024-04-11,2024-03-06,46.956685,16.2298266667,flowering,5,222.71058044433676
2024-04-12,2024-03-06,48.2614694588,-4.617313602,flowering,5,
2024-04-08,2024-03-06,44.5855005024,10.5242192077,flowering,5,209.73971405029374
2024-04-11,2024-03-06,40.3591616667,15.8137583333,flowering,5,185.37922973632897
2024-03-29,2024-03-06,37.3342647,-7.4879608,flowering,5,244.26530303955133
2024-04-08,2024-03-06,45.8263339383,25.900807745,flowering,5,90.64848480224657
2024-04-11,2024-03-06,48.16328095,16.06737198,flowering,5,206.44362487793046
2024-04-11,2024-03-06,48.65017,15.8575416667,flowering,5,197.3500869750984
2024-04-11,2024-03-06,47.76370883,16.78549754,flowering,5,248.610299682618
2024-04-11,2024-03-06,47.76939741,16.79861662,flowering,5,248.610299682618
2024-04-11,2024-03-06,51.4884366667,-0.9368883333,flowering,5,169.06352539062584
2024-04-10,2024-03-06,47.7803555556,13.1029138889,flowering,5,143.77259368896557
2024-04-10,2024-03-06,42.2144269056,13.7786174278,flowering,5,198.66617736816488
2024-04-05,2024-03-06,48.1584192145,16.5573391559,flowering,5,165.0065994262702
2024-04-10,2024-03-06,41.55459449,14.66810245,flowering,5,223.14341125488363
2024-04-10,2024-03-06,41.9976221145,14.6956017058,flowering,5,277.41892395019613
2024-04-10,2024-03-06,42.0508892351,48.2723717764,flowering,5,82.95068359375057
2024-04-09,2024-03-06,48.3290637478,15.2095633463,flowering,5,145.41934967041084
2024-04-09,2024-03-06,48.328867844,15.2106561956,flowering,5,145.41934967041084
2024-04-09,2024-03-06,40.6816616609,-4.0204140544,flowering,5,126.58367614746146
2024-04-04,2024-03-06,43.6061663557,3.9547541514,flowering,5,229.41339111328193
2024-04-08,2024-03-06,42.5142383333,9.1209805,flowering,5,201.43785705566484
2024-04-06,2024-03-06,44.197068,3.1478739722,flowering,5,103.15993804931702
2024-04-09,2024-03-06,45.4287698027,10.9533770196,flowering,5,240.90717315673908
2024-04-02,2024-03-06,45.4678916667,11.0514222222,flowering,5,121.6474044799811
2024-04-07,2024-03-06,47.8130133333,16.7983966667,flowering,5,201.78461761474682
2024-04-08,2024-03-06,45.5638066498,10.3865882009,flowering,5,143.96394195556718
2024-04-08,2024-03-06,44.4437069837,11.3721937314,flowering,5,251.57642974853593
2024-04-08,2024-03-06,48.1505770177,16.540482603,flowering,5,205.93386535644606
2024-04-08,2024-03-06,45.8262939453,25.9001846313,flowering,5,90.64848480224657
2024-04-08,2024-03-06,48.4375615237,13.1588912042,flowering,5,180.81229858398513
2024-04-08,2024-03-06,48.5329304014,13.0646751317,flowering,5,169.5463760375984
2024-04-08,2024-03-06,48.0650877569,16.4480645233,flowering,5,195.87315521240305
2024-04-08,2024-03-06,42.01555555,13.8657716667,flowering,5,104.9309906005866
2024-04-01,2024-03-06,48.0765283333,16.95046,budding,5,129.95294342041075
2024-04-07,2024-03-06,44.6423694444,10.083725,flowering,5,155.10079193115303
2024-04-07,2024-03-06,44.6414305556,10.0840694444,flowering,5,155.10079193115303
2024-04-07,2024-03-06,40.8694329167,-3.5523045436,flowering,5,134.56681823730526
2024-04-07,2024-03-06,46.937600313,-1.8892031908,flowering,5,205.20921020507888
2024-04-06,2024-03-06,50.106403,4.717196,flowering,5,133.31437683105537
2024-04-06,2024-03-06,50.1060349743,4.7163216974,flowering,5,133.31437683105537
2024-04-06,2024-03-06,47.9751466667,2.1337361667,flowering,5,180.61262054443432
2024-04-06,2024-03-06,47.9751583333,2.1336945,flowering,5,180.61262054443432
2024-04-06,2024-03-06,47.9751033333,2.1338583333,flowering,5,180.61262054443432
2024-04-07,2024-03-06,48.64093595,15.85449834,flowering,5,164.70121765136787
2024-04-07,2024-03-06,45.074345,-0.6354583333,flowering,5,252.3090484619148
2024-04-07,2024-03-06,45.074365,-0.6354433333,flowering,5,252.3090484619148
2024-04-07,2024-03-06,45.0743566667,-0.6354566667,flowering,5,252.3090484619148
2024-04-07,2024-03-06,45.8999816235,13.5326911323,flowering,5,197.41979675293044
2024-04-07,2024-03-06,47.8187006523,16.791231923,flowering,5,201.78461761474682
2024-04-07,2024-03-06,46.8843975997,15.9159483,flowering,5,162.96082611084057
2024-04-06,2024-03-06,46.8835433333,16.10017,flowering,5,155.58543548584055
2024-04-06,2024-03-06,46.88319,16.1001733333,flowering,5,155.58543548584055
2024-04-06,2024-03-06,46.8806533333,16.099405,flowering,5,155.58543548584055
2024-04-06,2024-03-06,46.8707516667,16.08972,flowering,5,155.58543548584055
2024-04-07,2024-03-06,43.17935667,5.5727458745,flowering,5,247.3750350952156
2024-04-07,2024-03-06,47.83052282,16.8040913,flowering,5,201.78461761474682
2024-04-06,2024-03-06,46.8735583333,16.0921533333,flowering,5,155.58543548584055
2024-04-06,2024-03-06,46.87353,16.0920966667,flowering,5,155.58543548584055
2024-04-06,2024-03-06,46.8734366667,16.0921033333,flowering,5,155.58543548584055
2024-04-07,2024-03-06,48.1798014506,16.4873376409,flowering,5,191.09900207519604
2024-04-06,2024-03-06,46.8807783333,16.09949,flowering,5,155.58543548584055
2024-04-06,2024-03-06,46.8811316667,16.0997216667,flowering,5,155.58543548584055
2024-04-06,2024-03-06,37.8814008434,-6.5202298388,flowering,5,265.8822738647468
2024-04-07,2024-03-06,44.3376531081,11.1143016815,flowering,5,184.118664550782
2024-04-05,2024-03-06,48.1581929519,16.5639112671,flowering,5,165.0065994262702
2024-04-05,2024-03-06,48.1589935378,16.5630025477,flowering,5,165.0065994262702
2024-04-05,2024-03-06,48.1589935378,16.5630219369,flowering,5,165.0065994262702
2024-04-05,2024-03-06,48.1590064536,16.5629210662,flowering,5,165.0065994262702
2024-04-06,2024-03-06,47.4109916667,15.0686888333,flowering,5,60.57328948974657
2024-04-06,2024-03-06,47.7601541026,16.8863738292,flowering,5,190.85001525878977
2024-04-06,2024-03-06,47.7547081864,16.8678639924,flowering,5,190.85001525878977
2024-04-06,2024-03-06,48.2004511,16.4773077,flowering,5,178.4427963256843
2024-04-06,2024-03-06,45.6805378465,9.5861194655,flowering,5,141.593745422364
2024-04-06,2024-03-06,45.6807163397,9.5863705873,flowering,5,141.593745422364
2024-04-06,2024-03-06,48.1945233333,16.477985,flowering,5,178.4427963256843
2024-04-06,2024-03-06,48.1454954709,1.5764894709,flowering,5,169.43020172119213
2024-04-06,2024-03-06,48.0772752492,16.1795202179,flowering,5,146.0590194702155
2024-04-04,2024-03-06,47.7787283333,16.794475,flowering,5,164.9584793090827
2024-04-06,2024-03-06,48.1912616667,16.483745,flowering,5,178.4427963256843
2024-04-01,2024-03-06,37.1778597506,-8.9010286029,flowering,5,
2024-04-05,2024-03-06,47.7239567378,16.8436022645,flowering,5,174.0324020385749
2024-04-05,2024-03-06,47.7224658091,16.8484448741,flowering,5,176.3484420776374
2024-04-05,2024-03-06,47.8456945023,16.7014000565,flowering,5,169.04005432128974
2024-04-05,2024-03-06,47.8476876355,16.6910591349,flowering,5,169.04005432128974
2024-04-05,2024-03-06,47.8464590933,16.6914862767,flowering,5,169.04005432128974
2024-04-05,2024-03-06,40.95733713,-3.5866358,flowering,5,102.55652465820356
2024-04-05,2024-03-06,44.0105772067,1.4197289398,flowering,5,219.97779998779367
2024-04-05,2024-03-06,43.8937245877,1.5168565147,flowering,5,219.27726135253977
2024-04-04,2024-03-06,46.1204369797,6.0851696185,flowering,5,78.44994812011771
2024-04-02,2024-03-06,42.1956929722,-2.6903959722,flowering,5,68.40914459228554
2024-04-04,2024-03-06,41.9605989387,8.9658206952,flowering,5,113.64745788574282
2024-04-03,2024-03-06,44.1681695043,11.0493751243,flowering,5,129.14228668212957
2024-04-03,2024-03-06,44.6398567639,8.9304123344,flowering,5,121.91588439941472
2024-04-03,2024-03-06,44.7574279,8.9593004,flowering,5,143.76046600341863
2024-04-03,2024-03-06,44.7136232873,8.994792019,flowering,5,126.06887359619202
2024-03-30,2024-03-06,41.7299563889,15.9219505556,flowering,5,155.0623855590826
2024-03-29,2024-03-06,41.7389697222,15.9133297222,flowering,5,143.89437713623101
2024-03-29,2024-03-06,41.7296569444,15.9224647222,flowering,5,143.89437713623101
2024-03-29,2024-03-06,41.7435580556,15.9107944444,flowering,5,143.89437713623101
2024-03-29,2024-03-06,41.7435580556,15.9107944444,flowering,5,143.89437713623101
2024-03-29,2024-03-06,41.7138297222,15.9316175,flowering,5,143.89437713623101
2024-04-03,2024-03-06,33.9673697222,35.7879333333,flowering,5,93.1934478759772
2024-04-03,2024-03-06,41.5300520864,-6.918999888,flowering,5,134.04791564941468
2024-04-03,2024-03-06,44.0206568039,11.1370156407,flowering,5,128.0236648559577
2024-03-28,2024-03-06,41.7385677778,15.9134111111,flowering,5,132.82989196777396
2024-04-03,2024-03-06,44.7208732621,9.0508814389,flowering,5,107.76109619140686
2024-04-03,2024-03-06,44.7747237401,8.9694182349,flowering,5,143.76046600341863
2024-04-02,2024-03-06,48.1721144689,16.124993079,flowering,5,115.50273895263729
2024-04-02,2024-03-06,48.1040934733,16.1232593833,flowering,5,103.75016021728572
2024-04-02,2024-03-06,48.144498411,16.1346275462,flowering,5,103.75016021728572
2024-04-02,2024-03-06,48.1444623412,16.1392327643,flowering,5,103.75016021728572
2024-04-02,2024-03-06,48.0362333361,16.0402186462,flowering,5,85.81266784668014
2024-04-02,2024-03-06,48.1584143662,16.053273033,flowering,5,115.50273895263729
2024-04-02,2024-03-06,48.1834964414,16.0536190892,flowering,5,115.50273895263729
2024-04-02,2024-03-06,48.1344364989,16.0408053725,flowering,5,99.23784484863336
2024-04-02,2024-03-06,48.0486699368,16.1566335925,flowering,5,113.28731536865291
2024-04-02,2024-03-06,48.114949158,16.070494266,flowering,5,103.75016021728572
2024-04-02,2024-03-06,48.143704217,16.0279633234,flowering,5,99.23784484863336
2024-04-02,2024-03-06,48.1058003926,16.161679708,flowering,5,108.55796051025447
2024-04-02,2024-03-06,48.1558563089,16.0656751417,flowering,5,115.50273895263729
2024-04-02,2024-03-06,48.1408745121,16.1426239883,flowering,5,103.75016021728572
2024-04-02,2024-03-06,48.1827607557,16.1481538817,flowering,5,115.50273895263729
2024-04-02,2024-03-06,48.0200249995,16.0271282304,flowering,5,85.81266784668014
2024-04-02,2024-03-06,48.140846268,16.1638778272,flowering,5,108.55796051025447
2024-04-02,2024-03-06,48.0366691964,16.1882860449,flowering,5,113.28731536865291
2024-04-02,2024-03-06,48.1933659806,16.1076829939,flowering,5,115.50273895263729
2024-04-02,2024-03-06,44.2268033333,11.737045,flowering,5,170.78510742187564
2024-04-02,2024-03-06,44.6093785202,8.8297468622,flowering,5,120.57854919433657
2024-04-01,2024-03-06,40.21692545,-5.02459295,flowering,5,144.78841552734434
2024-04-02,2024-03-06,45.6483180997,15.4826972997,flowering,5,110.109010314942
2024-03-24,2024-03-06,40.7050721173,-4.0125973106,flowering,5,81.70835571289092
2024-04-02,2024-03-06,38.49709,14.9123789722,flowering,5,
2024-04-02,2024-03-06,44.7880695714,-0.6559620425,flowering,5,189.76465301513736
2024-04-01,2024-03-06,37.0171555,15.0848305,flowering,5,244.34025115966858
2024-03-29,2024-03-06,46.1150257638,7.1085878646,flowering,5,2.1550460815429915
2024-04-01,2024-03-06,41.2870507413,1.9163032625,flowering,5,201.74305267334046
2024-03-30,2024-03-06,47.7660798578,16.78686249,flowering,5,119.54575958252008
2024-03-31,2024-03-06,42.9813452972,9.452814348,flowering,5,
2024-03-30,2024-03-06,46.5229540075,-1.8183822529,flowering,5,145.5849914550787
2024-03-31,2024-03-06,46.9723654264,-0.2492197976,flowering,5,129.24476776123106
2024-03-16,2024-03-06,37.9115720893,-5.71583517,flowering,5,64.27235565185572
2024-03-30,2024-03-06,48.1938216667,16.4846716667,flowering,5,106.6925186157232
2024-03-30,2024-03-06,45.0838530962,-0.1329809055,flowering,5,166.3213729858404
2024-03-30,2024-03-06,47.8573189518,16.9698059796,flowering,5,117.11628570556695
2024-03-30,2024-03-06,47.6418780069,16.7989818778,flowering,5,114.42185821533258
2024-03-30,2024-03-06,47.6766979296,16.6204086945,flowering,5,102.64395599365287
2024-03-30,2024-03-06,47.6873782067,16.6691358141,flowering,5,112.20683898925836
2024-03-30,2024-03-06,47.6253846578,16.7401607933,flowering,5,109.49162139892633
2024-03-30,2024-03-06,38.7716544757,-7.4422884732,flowering,5,210.5558166503912
2024-03-30,2024-03-06,44.895395,-0.5643716667,flowering,5,172.31762695312557
2024-03-29,2024-03-06,38.0658226011,23.4707927703,flowering,5,178.59091033935601
2024-03-29,2024-03-06,35.3353265716,36.0183160007,flowering,5,214.61791839599664
2024-03-29,2024-03-06,44.3704805556,0.8264027778,flowering,5,154.90047302246148
2024-03-29,2024-03-06,44.3376468733,12.3226143792,flowering,5,169.77714385986383
2024-03-29,2024-03-06,48.195083816,16.4817204281,flowering,5,97.4571731567388
2024-03-29,2024-03-06,44.4481731546,11.3781814277,flowering,5,149.5303863525396
2024-03-29,2024-03-06,40.5892080602,-8.6750514512,flowering,5,209.60007324218805
2024-03-29,2024-03-06,40.5729492666,-8.7447336342,flowering,5,209.60007324218805
2024-03-29,2024-03-06,42.98433,-3.944155,flowering,5,84.62737884521528
2024-03-28,2024-03-06,47.922795,16.686975,flowering,5,91.76896209716847
2024-03-28,2024-03-06,43.5840399667,1.3542681187,flowering,5,160.35381011962943
2024-03-22,2024-03-06,38.500053,-3.302667,flowering,5,119.03368682861367
2024-03-26,2024-03-06,44.9440002441,-0.4810730219,flowering,5,148.83287200927782
2024-03-25,2024-03-06,38.1723333333,-8.5633444444,flowering,5,194.05352020263717
2024-03-24,2024-03-06,37.9307792,-7.3192542,flowering,5,188.08239593505903
2024-03-24,2024-03-06,37.9307792,-7.3192542,flowering,5,188.08239593505903
2024-03-25,2024-03-06,34.8462642241,36.0863431916,flowering,5,184.05433654785202
2024-03-25,2024-03-06,37.31320383,-8.8455377,flowering,5,194.00172424316452
2024-03-24,2024-03-06,37.201922,-8.700433,flowering,5,189.5747741699223
2024-03-24,2024-03-06,37.2550953436,-7.8136405759,flowering,5,179.00532379150434
2024-03-24,2024-03-06,40.96057859,-3.58540863,flowering,5,80.09820251464873
2024-03-24,2024-03-06,40.95923141,-3.58590555,budding,5,80.09820251464873
2024-03-24,2024-03-06,42.97895,-3.941075,flowering,5,79.46798706054722
2024-03-23,2024-03-06,43.387304,0.6297116,flowering,5,132.21878509521525
2024-03-23,2024-03-06,44.4261333333,11.2857616667,flowering,5,104.16524963378947
2024-03-22,2024-03-06,47.8472783497,16.6911764815,flowering,5,63.61791381835974
2024-03-22,2024-03-06,38.39020861,-3.3725787699,flowering,5,128.44610137939492
2024-03-21,2024-03-06,35.6741209194,35.9243904485,flowering,5,155.08667144775427
2024-03-14,2024-03-06,47.9269833333,16.6889166667,flowering,5,29.430349731445517
2024-03-18,2024-03-06,37.0444833333,-7.9746166667,flowering,5,124.15848999023467
2024-03-19,2024-03-06,38.2527917997,-7.7835200997,flowering,5,117.77397766113313
2024-03-19,2024-03-06,38.2527917997,-7.7835200997,flowering,5,117.77397766113313
2024-03-17,2024-03-06,37.14923826,-8.29993688,flowering,5,
2024-03-17,2024-03-06,47.1224530033,-2.1909077838,flowering,5,
2024-03-17,2024-03-06,41.5629881288,9.3326396502,flowering,5,
2024-03-16,2024-03-06,37.1612823544,-7.9335235423,flowering,5,83.57267150878931
2024-03-16,2024-03-06,34.8852901313,36.043173708,flowering,5,98.11354980468775
2024-03-16,2024-03-06,47.1230278333,-1.65582,flowering,5,57.09586486816431
2024-03-16,2024-03-06,37.16493,-8.23907,flowering,5,89.86479339599634
2024-02-22,2024-03-06,37.6680366667,-7.4952333333,flowering,5,9.362771606445335
2024-03-15,2024-03-06,42.6870506056,9.2794095352,flowering,5,52.52278900146507
2024-03-10,2024-03-06,47.5562658997,-0.799239,flowering,5,11.856224060058707
2024-03-10,2024-03-06,43.0658528333,5.853975,flowering,5,26.795616149902457
2024-03-09,2024-03-06,43.9454281557,10.9637509659,flowering,5,14.081671142578216
2024-03-06,2024-03-06,37.0255128948,-8.0023970827,flowering,5,8.407304382324241
2024-03-06,2024-03-06,44.0000528081,0.0622660903,budding,5,4.2849288940429915
2024-03-04,2024-03-06,38.2233966667,-3.969495,flowering,5,4.153863525390648
2024-03-01,2024-03-06,37.0367635035,-7.9792581846,flowering,5,8.220849609375023
2024-03-02,2024-03-06,37.192055,-8.68422,flowering,5,8.258287048339866
2024-03-01,2024-03-06,36.798253167,4.0272781625,flowering,5,4.486299133300804
2024-03-01,2024-03-06,36.8020723578,4.0293722972,flowering,5,4.486299133300804
2024-02-27,2024-03-06,34.8667900365,36.0382860526,flowering,5,9.025743103027366
2024-02-27,2024-03-06,34.8629392577,36.0363454744,flowering,5,9.025743103027366
2024-02-27,2024-03-06,37.4717139943,-7.4772034585,flowering,5,5.7826095581054915
2024-02-24,2024-03-06,35.6375356614,35.9139882718,flowering,5,9.641191101074241
2024-02-24,2024-03-06,35.6372056919,35.9146057953,flowering,5,9.641191101074241
2024-02-21,2024-03-06,36.584556,4.609001,flowering,5,3.533692932128929
2024-02-14,2024-03-06,37.23098,-8.7213216667,flowering,5,12.935723876953148
2024-02-12,2024-03-06,37.1037833333,-8.9297533333,flowering,5,12.705125427246116
2024-02-10,2024-03-06,34.8945116667,33.427055,flowering,5,7.29932556152346
